idx,label,source,words,ppl,top10,burstiness,bino
0,0,finance,120,38.4893,0.64336,0.19149,0.994169
1,0,finance,105,38.5945,0.67669,0.25943,1.012565
2,0,finance,134,11.5566,0.81545,0.41934,0.959627
3,0,finance,375,29.8775,0.69778,0.52348,0.9735
4,0,finance,300,35.9101,0.67039,0.4037,0.981172
5,0,finance,90,20.2832,0.74419,0.37417,1.008276
6,0,finance,88,36.3701,0.68456,0.52622,1.016229
7,0,finance,197,17.991,0.76016,0.47716,0.946141
8,0,finance,183,46.5916,0.65403,0.2623,1.087793
9,0,finance,150,21.4745,0.73206,0.35777,0.944507
10,0,finance,576,10.7287,0.80316,0.3862,0.993339
11,0,finance,211,27.3826,0.72761,0.61861,1.047887
12,0,finance,310,27.4542,0.72414,0.38688,1.016048
13,0,finance,97,18.9485,0.73077,0.50621,1.064026
14,0,finance,269,33.5061,0.69375,0.55488,1.000103
15,0,finance,110,25.0282,0.72059,0.35326,0.906185
16,0,finance,120,53.9903,0.61972,0.38297,1.024965
17,0,finance,353,24.2839,0.7343,0.45047,1.080977
18,0,finance,176,26.5737,0.73272,0.55867,1.010429
19,0,finance,81,26.3592,0.7234,0.53729,0.967545
20,0,finance,247,15.6048,0.77419,0.31881,0.94018
21,0,finance,147,27.6541,0.69444,0.57397,1.054072
22,0,finance,242,45.1414,0.63518,0.46765,0.961683
23,0,finance,195,16.4289,0.77778,0.41166,0.973538
24,0,finance,187,23.2703,0.71905,0.52971,0.977135
25,0,finance,123,19.7238,0.7625,0.40217,1.014452
26,0,finance,386,22.908,0.7459,0.75904,1.029542
27,0,finance,119,22.1628,0.74834,0.47425,0.98296
28,0,finance,105,31.7332,0.70992,0.28252,1.070374
29,0,finance,198,20.7993,0.7479,0.52661,0.955386
30,0,finance,267,37.0041,0.67209,0.54272,1.018869
31,0,finance,327,19.2369,0.75622,0.62978,0.965706
32,0,finance,185,25.0545,0.73733,0.33101,0.898769
33,0,finance,100,54.3562,0.62281,0.17889,1.015902
34,0,finance,146,106.0587,0.54438,0.26439,1.164091
35,0,finance,157,49.7761,0.63978,0.30105,1.00986
36,0,finance,87,25.5593,0.74038,0.27466,1.122661
37,0,finance,145,54.3757,0.62941,0.4244,1.027843
38,0,finance,223,19.5763,0.75564,0.32265,1.023098
39,0,finance,128,30.2156,0.66897,0.17258,1.050967
40,0,finance,253,24.6491,0.73868,0.56569,0.960542
41,0,finance,192,41.2513,0.64103,0.43973,1.027911
42,0,finance,107,55.7972,0.608,0.71488,1.06299
43,0,finance,465,14.1284,0.8018,0.33253,0.97127
44,0,finance,83,28.1527,0.70455,0.16824,0.986079
45,0,finance,214,24.9655,0.70522,0.51568,0.962905
46,0,finance,171,30.2515,0.70183,0.61913,1.070091
47,0,finance,110,44.0238,0.64167,0.13727,0.982722
48,0,finance,175,28.8983,0.72477,0.21909,1.087649
49,0,finance,144,32.8717,0.69082,0.34819,1.060853
50,0,medicine,89,70.1619,0.63415,1.27254,1.061417
51,0,medicine,106,52.1688,0.60902,1.14823,1.066979
52,0,medicine,116,89.4329,0.56129,0.77423,0.983825
53,0,medicine,181,30.1573,0.74324,0.60018,1.026195
54,0,medicine,116,76.3524,0.57051,0.46902,1.069855
55,0,medicine,92,26.1677,0.7482,0.79489,0.977461
56,0,medicine,98,31.0835,0.68504,0.54932,0.984534
57,0,medicine,130,54.5669,0.63934,0.52228,0.971434
58,0,medicine,90,34.6061,0.66667,,0.939452
59,0,medicine,110,33.1718,0.68548,0.33427,1.144625
60,0,medicine,85,48.7103,0.63551,0.51227,1.00407
61,0,medicine,319,45.8276,0.64732,0.93753,1.038857
62,0,medicine,88,51.6676,0.63393,0.53494,1.099071
63,0,medicine,105,39.4879,0.69697,0.40473,0.98078
64,0,medicine,155,31.5549,0.71717,0.8877,1.052338
65,0,medicine,108,43.2274,0.63566,0.79282,1.033399
66,0,medicine,131,30.0259,0.70701,0.61113,0.996334
67,0,medicine,106,25.5193,0.73881,0.41622,0.993228
68,0,medicine,240,36.1527,0.68543,0.60527,1.02962
69,0,medicine,123,38.0419,0.66242,0.89653,1.030654
70,0,medicine,84,54.1626,0.62136,0.21041,0.986483
71,0,medicine,141,53.2923,0.64865,0.62343,0.954531
72,0,medicine,218,54.8894,0.61633,0.47979,0.963826
73,0,medicine,99,58.2162,0.62879,,0.988133
74,0,medicine,134,17.0953,0.75135,1.2678,0.852665
75,0,medicine,101,20.3485,0.72321,0.4817,0.93294
76,0,medicine,149,23.8496,0.73786,0.44966,0.93881
77,0,medicine,104,26.5961,0.69863,0.92269,1.056152
78,0,medicine,237,81.5775,0.56886,0.56118,0.972559
79,0,medicine,99,42.255,0.66412,0.35355,0.966386
80,0,medicine,86,55.8216,0.60526,0.47858,1.020573
81,0,medicine,224,47.9958,0.61278,0.51751,0.979765
82,0,medicine,164,16.9909,0.77934,0.47739,0.921986
83,0,medicine,80,85.4221,0.52941,0.34177,0.958456
84,0,medicine,145,49.7605,0.63529,0.57349,1.11588
85,0,medicine,80,29.8283,0.75207,0.3751,0.922026
86,0,medicine,80,30.1034,0.71134,0.51309,0.965466
87,0,medicine,84,32.7058,0.68382,0.75357,0.920696
88,0,medicine,212,35.5123,0.66403,0.53902,0.959193
89,0,medicine,106,25.9077,0.72059,0.72032,0.952301
90,0,medicine,200,22.7732,0.72887,0.6021,0.994425
91,0,medicine,149,18.0042,0.77249,0.47663,0.907434
92,0,medicine,140,36.1091,0.70833,0.74389,0.99426
93,0,medicine,93,25.0062,0.72881,0.47578,0.912119
94,0,medicine,112,41.2357,0.70922,0.53289,0.925828
95,0,medicine,143,62.2993,0.61628,0.50761,1.04089
96,0,medicine,120,55.5806,0.61745,0.46547,1.056794
97,0,medicine,164,77.0849,0.56938,0.53568,1.079166
98,0,medicine,101,65.146,0.57343,0.34641,1.021495
99,0,medicine,84,26.2815,0.74286,0.31587,0.885804
100,0,open_qa,88,34.4362,0.7069,,1.021602
101,0,open_qa,110,14.5306,0.77273,,1.032013
102,0,open_qa,88,15.0486,0.77982,,1.134708
103,0,open_qa,104,29.2647,0.7551,,1.034719
104,0,open_qa,121,21.1262,0.7378,,1.000289
105,0,open_qa,95,21.97,0.72662,,1.043414
106,0,open_qa,188,20.0328,0.72325,,1.092349
107,0,open_qa,80,29.7074,0.68687,,1.13127
108,0,open_qa,91,14.142,0.77679,0.07692,1.091059
109,0,open_qa,96,42.2182,0.69565,,1.022007
110,0,open_qa,81,41.1449,0.61864,,1.106346
111,0,open_qa,105,16.337,0.76471,,0.996063
112,0,open_qa,88,8.3183,0.86408,,0.975729
113,0,open_qa,147,16.2529,0.75556,,0.926105
114,0,open_qa,106,23.9625,0.69697,0.35849,1.009236
115,0,open_qa,123,28.8264,0.72308,,1.069263
116,0,open_qa,206,30.7519,0.68519,0.07301,1.009565
117,0,open_qa,116,16.2653,0.77987,,1.098735
118,0,open_qa,134,13.4139,0.80952,,1.070619
119,0,open_qa,106,43.2339,0.66667,,1.127253
120,0,open_qa,96,36.4376,0.69231,,1.075709
121,0,reddit_eli5,92,37.7504,0.68421,0.25722,0.93759
122,0,reddit_eli5,128,39.9103,0.68148,0.37743,1.095169
123,0,reddit_eli5,168,24.7899,0.72928,0.60673,0.882807
124,0,reddit_eli5,336,44.4527,0.66761,0.43785,1.001291
125,0,reddit_eli5,121,45.3186,0.65909,0.24447,1.060999
126,0,reddit_eli5,164,15.3038,0.80925,0.46261,0.868083
127,0,reddit_eli5,198,30.4647,0.69262,0.48563,1.134506
128,0,reddit_eli5,83,83.2601,0.57955,0.70849,1.057065
129,0,reddit_eli5,386,34.4368,0.69674,0.45212,0.974834
130,0,reddit_eli5,124,48.0611,0.63566,0.50078,1.033203
131,0,reddit_eli5,117,12.3728,0.84034,0.31123,0.796215
132,0,reddit_eli5,200,30.5083,0.68396,0.62921,0.958921
133,0,reddit_eli5,182,35.7982,0.68617,0.52183,0.988948
134,0,reddit_eli5,357,33.4072,0.65915,0.37775,1.003486
135,0,reddit_eli5,84,21.031,0.75652,0.17496,1.038634
136,0,reddit_eli5,87,58.3546,0.61538,0.19506,1.009136
137,0,reddit_eli5,160,49.8592,0.67429,0.36764,1.082923
138,0,reddit_eli5,131,26.8983,0.73529,0.38183,1.011361
139,0,reddit_eli5,124,35.1787,0.64844,0.47382,0.946438
140,0,reddit_eli5,112,20.0013,0.7381,0.54428,0.905882
141,0,reddit_eli5,287,28.1583,0.75932,0.59142,1.057252
142,0,reddit_eli5,180,36.4769,0.69,0.44997,1.073243
143,0,reddit_eli5,278,32.3982,0.70034,0.38919,0.964855
144,0,reddit_eli5,211,48.7952,0.65741,0.45591,1.0138
145,0,reddit_eli5,188,58.0571,0.61275,0.52936,1.059285
146,0,reddit_eli5,122,57.4211,0.63492,0.37794,1.020525
147,0,reddit_eli5,82,52.1655,0.6,0.39101,0.921254
148,0,reddit_eli5,299,26.6044,0.71562,0.54956,1.006851
149,0,reddit_eli5,169,34.8344,0.67,0.46494,1.067926
150,0,reddit_eli5,211,13.7941,0.82028,0.47672,0.884562
151,0,reddit_eli5,118,59.9804,0.67188,0.4449,1.07633
152,0,reddit_eli5,108,108.6071,0.52679,0.44905,1.138762
153,0,reddit_eli5,87,35.665,0.65263,0.25155,1.041316
154,0,reddit_eli5,92,121.6871,0.52,0.53758,1.166055
155,0,reddit_eli5,133,31.2748,0.6963,0.44583,1.004879
156,0,reddit_eli5,368,20.9663,0.72874,0.47132,1.023038
157,0,reddit_eli5,121,25.8479,0.72581,0.62908,1.016513
158,0,reddit_eli5,186,32.688,0.70312,0.35468,1.011808
159,0,reddit_eli5,192,21.271,0.72059,0.72917,0.943142
160,0,reddit_eli5,500,42.6959,0.65794,0.72968,1.018901
161,0,reddit_eli5,222,20.8647,0.74897,0.53518,1.028706
162,0,reddit_eli5,298,37.9646,0.68153,0.48652,1.073988
163,0,reddit_eli5,136,27.1023,0.78571,0.43051,1.109582
164,0,reddit_eli5,383,42.5449,0.68571,0.36701,1.061967
165,0,reddit_eli5,248,44.5661,0.64751,0.70351,1.002652
166,0,reddit_eli5,407,27.8216,0.70755,0.56296,1.065462
167,0,reddit_eli5,100,48.3496,0.69608,0.53367,1.060958
168,0,reddit_eli5,95,17.8698,0.77477,0.37112,1.002629
169,0,reddit_eli5,87,34.217,0.6789,0.49238,0.91602
170,0,reddit_eli5,84,45.8673,0.65934,0.29499,0.99383
171,0,wiki_csai,155,18.4274,0.75691,0.32738,1.033378
172,0,wiki_csai,252,7.7754,0.82759,0.30117,0.945946
173,0,wiki_csai,368,9.1481,0.83799,0.8122,0.938773
174,0,wiki_csai,194,21.7754,0.71674,0.37879,0.93518
175,0,wiki_csai,89,21.8645,0.69159,0.22331,0.925196
176,0,wiki_csai,147,20.6618,0.72571,0.35328,1.001952
177,0,wiki_csai,401,7.5094,0.84433,0.70101,0.966027
178,0,wiki_csai,142,14.1871,0.83432,0.48156,1.018316
179,0,wiki_csai,359,11.6404,0.82716,0.45957,1.064731
180,0,wiki_csai,404,11.7706,0.79038,0.57827,0.951746
181,0,wiki_csai,372,22.2407,0.71397,0.828,0.937894
182,0,wiki_csai,231,19.4229,0.71528,0.42686,0.910558
183,0,wiki_csai,455,11.6849,0.80945,0.36905,0.922171
184,0,wiki_csai,219,6.6351,0.86246,0.31547,1.073319
185,0,wiki_csai,148,13.458,0.8024,0.33892,1.02293
186,0,wiki_csai,104,16.9065,0.75325,0.47243,1.033513
187,0,wiki_csai,148,19.7417,0.77778,0.26925,0.921375
188,0,wiki_csai,434,12.1679,0.81004,0.51282,0.945006
189,0,wiki_csai,229,17.7601,0.74552,0.3311,0.949386
190,0,wiki_csai,182,21.1756,0.76279,0.36314,1.04073
191,0,wiki_csai,90,26.0082,0.74775,0.13333,1.132591
192,0,wiki_csai,275,11.1034,0.81501,0.69124,0.948966
193,0,wiki_csai,274,16.6971,0.75562,0.29686,1.017195
194,0,wiki_csai,148,13.8507,0.81356,0.19183,0.923568
195,0,wiki_csai,490,17.9875,0.75338,0.70615,1.044845
196,0,wiki_csai,347,19.7017,0.76116,0.45714,1.03329
197,0,wiki_csai,251,17.3023,0.77391,0.46861,1.052234
198,0,wiki_csai,139,29.3415,0.69325,0.50019,1.034922
199,0,wiki_csai,82,14.7293,0.83333,0.09126,0.939569
200,0,wiki_csai,173,15.9401,0.79372,0.36604,1.016362
201,0,wiki_csai,143,11.0532,0.8,0.29111,0.916068
202,0,wiki_csai,418,28.5439,0.69847,0.4595,1.039367
203,0,wiki_csai,277,8.9265,0.8433,0.33855,0.981537
204,0,wiki_csai,124,30.6901,0.71523,0.39293,1.057932
205,0,wiki_csai,117,9.2458,0.82781,0.28166,1.088208
206,0,wiki_csai,165,19.0778,0.7772,0.46275,0.99059
207,0,wiki_csai,87,33.9328,0.66667,0.43344,1.075799
208,0,wiki_csai,200,18.9147,0.78022,0.41857,1.014376
209,0,wiki_csai,225,24.1878,0.72956,0.48066,1.02856
210,0,wiki_csai,138,16.4596,0.7732,0.47074,0.957092
211,0,wiki_csai,143,16.0438,0.77095,0.49842,0.95411
212,0,wiki_csai,245,20.888,0.7352,0.6413,0.979671
213,0,wiki_csai,107,20.4137,0.75591,0.45555,0.958662
214,0,wiki_csai,286,18.5004,0.74859,0.57372,1.024139
215,0,wiki_csai,219,28.4056,0.71119,0.6271,1.001506
216,0,wiki_csai,246,24.5012,0.72355,0.46937,1.036145
217,0,wiki_csai,432,8.7591,0.86533,1.26001,1.026905
218,0,wiki_csai,145,21.2211,0.74026,,1.019729
219,0,wiki_csai,103,14.2604,0.80303,0.57298,0.902611
220,0,wiki_csai,376,10.8174,0.80364,0.46967,1.032689
221,1,finance,218,6.6506,0.87854,0.37323,1.001433
222,1,finance,137,7.1022,0.87333,0.43294,0.831978
223,1,finance,233,4.8018,0.9291,0.46481,1.03776
224,1,finance,390,3.9793,0.93981,0.40639,0.951441
225,1,finance,257,5.1607,0.91837,0.38719,0.967454
226,1,finance,147,3.2414,0.95062,0.2692,0.824471
227,1,finance,147,6.6108,0.89394,0.57021,0.886043
228,1,finance,208,5.7307,0.88085,0.53808,0.82932
229,1,finance,289,3.7291,0.95312,0.61183,0.974362
230,1,finance,204,4.7369,0.91703,0.38666,0.919314
231,1,finance,312,3.8528,0.93521,0.57242,0.937248
232,1,finance,253,4.9042,0.91554,0.46635,0.836465
233,1,finance,197,8.1613,0.88479,0.36899,0.865073
234,1,finance,230,5.3049,0.93165,0.57457,0.849882
235,1,finance,204,4.3572,0.93805,0.21073,0.922505
236,1,finance,315,4.3092,0.94085,0.39152,0.981219
237,1,finance,92,6.416,0.88571,0.3059,0.893592
238,1,finance,287,4.6719,0.91374,0.20104,0.889057
239,1,finance,239,5.1754,0.91698,0.33168,1.012869
240,1,finance,92,5.544,0.91,0.17927,0.806997
241,1,finance,186,6.4011,0.88942,0.45784,0.922933
242,1,finance,296,4.3732,0.92473,0.57783,0.93896
243,1,finance,152,5.5312,0.93023,0.16539,0.864223
244,1,finance,151,5.3988,0.90588,0.67877,0.884375
245,1,finance,391,4.2677,0.92444,0.54754,0.940567
246,1,finance,270,4.4792,0.90909,0.9841,0.972962
247,1,finance,390,5.7712,0.9015,0.56127,0.934025
248,1,finance,215,6.6615,0.8937,0.23003,0.998275
249,1,finance,217,4.9333,0.92405,0.56613,0.885469
250,1,finance,279,4.3931,0.91617,0.41971,0.95348
251,1,finance,153,6.4298,0.86979,0.50204,0.846451
252,1,finance,222,5.6123,0.916,0.38062,0.938051
253,1,finance,154,4.7318,0.91525,0.34139,0.800366
254,1,finance,201,8.0212,0.88285,0.5823,0.85
255,1,finance,246,4.8429,0.91852,0.36167,0.870334
256,1,finance,165,6.5134,0.87432,0.4658,0.94204
257,1,finance,200,5.9859,0.90749,0.39862,0.907285
258,1,finance,234,6.3397,0.89231,0.19188,0.842207
259,1,finance,181,5.5467,0.89552,0.51547,0.915018
260,1,finance,231,4.5398,0.93536,0.3427,0.943705
261,1,finance,290,5.2963,0.90432,0.65406,0.908052
262,1,finance,222,5.0391,0.92339,0.76704,0.824362
263,1,finance,199,5.3991,0.88688,0.37067,0.856092
264,1,finance,194,4.3246,0.89908,0.34393,0.942696
265,1,finance,253,4.1388,0.92784,0.39397,0.828641
266,1,finance,129,6.7137,0.92908,0.68652,0.951689
267,1,finance,232,5.1206,0.90253,0.43885,0.982186
268,1,finance,206,4.7509,0.90945,0.37814,0.855932
269,1,finance,301,4.4631,0.93155,0.43631,0.93143
270,1,finance,241,5.5633,0.92218,0.37356,0.918832
271,1,medicine,185,7.3761,0.891,0.24694,0.93741
272,1,medicine,203,4.475,0.92913,0.91046,0.824197
273,1,medicine,112,6.3195,0.90299,0.2846,1.073174
274,1,medicine,228,4.0668,0.92913,0.18895,0.82023
275,1,medicine,193,5.2358,0.91818,0.48864,0.981099
276,1,medicine,149,6.6755,0.90751,0.325,0.897604
277,1,medicine,169,5.9651,0.91848,0.17633,0.895961
278,1,medicine,206,5.2745,0.90535,0.23522,0.88333
279,1,medicine,198,3.3594,0.94309,0.23925,0.938424
280,1,medicine,211,4.8622,0.93534,0.2617,1.001532
281,1,medicine,158,3.7247,0.94146,0.41037,0.94287
282,1,medicine,148,4.5108,0.9521,0.26755,0.785913
283,1,medicine,159,4.2102,0.93684,0.36662,0.918729
284,1,medicine,225,2.9738,0.95254,0.37602,0.963372
285,1,medicine,284,4.6056,0.93675,0.20616,1.073882
286,1,medicine,227,6.1323,0.89655,0.32315,0.97409
287,1,medicine,205,5.2358,0.91064,0.39449,0.911635
288,1,medicine,155,4.8148,0.90625,0.22312,0.954067
289,1,medicine,170,5.8,0.9027,0.29681,0.913877
290,1,medicine,204,5.2277,0.93805,0.32685,0.886436
291,1,medicine,174,5.0974,0.90196,0.29563,0.856801
292,1,medicine,137,5.8929,0.90062,0.22092,0.835988
293,1,medicine,187,4.284,0.91781,0.18063,0.981765
294,1,medicine,94,8.1303,0.86598,0.3642,0.875654
295,1,medicine,195,2.6992,0.94606,0.31215,0.832719
296,1,medicine,256,5.6544,0.90604,0.36975,1.034363
297,1,medicine,197,4.6492,0.93697,0.29076,0.913028
298,1,medicine,360,4.5809,0.93072,1.06025,1.045173
299,1,medicine,205,3.9534,0.94815,0.46743,0.887871
300,1,medicine,122,9.6369,0.86364,0.37293,0.876248
301,1,medicine,220,5.4171,0.88571,0.53482,1.00801
302,1,medicine,395,3.1243,0.956,0.22353,0.940531
303,1,medicine,181,4.9943,0.92511,0.21074,0.913645
304,1,medicine,179,5.7542,0.92118,0.23263,0.918043
305,1,medicine,159,5.3558,0.92611,0.1871,0.89652
306,1,medicine,141,5.3472,0.91908,0.22077,0.984655
307,1,medicine,104,5.6287,0.92373,0.08271,0.934195
308,1,medicine,202,5.7486,0.9214,0.28057,0.984205
309,1,medicine,261,3.9941,0.91935,0.27975,0.926516
310,1,medicine,179,5.5113,0.90698,0.30307,0.833116
311,1,medicine,218,3.7831,0.93846,0.31314,0.929504
312,1,medicine,119,4.8221,0.92248,0.28435,0.853527
313,1,medicine,285,3.7356,0.93269,0.37271,0.891988
314,1,medicine,83,6.2677,0.93333,0.19687,1.03061
315,1,medicine,199,3.67,0.94894,0.29652,0.813349
316,1,medicine,251,4.1726,0.92143,0.29758,0.947474
317,1,medicine,242,2.8749,0.97078,0.32819,0.812335
318,1,medicine,137,5.1507,0.92258,0.24957,0.856766
319,1,medicine,144,5.5177,0.92857,0.31056,0.901216
320,1,medicine,115,6.9725,0.87786,0.17173,0.83314
321,1,open_qa,111,8.0961,0.83673,0.43542,0.798481
322,1,open_qa,109,6.4342,0.89313,0.38192,0.789641
323,1,open_qa,219,4.1464,0.92963,0.55582,0.741288
324,1,open_qa,226,4.6969,0.93561,0.44354,0.879984
325,1,open_qa,104,4.5023,0.92982,0.52154,0.717935
326,1,open_qa,252,4.1989,0.94562,0.87503,0.895405
327,1,open_qa,114,4.0774,0.95714,0.15544,0.682947
328,1,open_qa,131,4.936,0.93103,0.14703,0.835236
329,1,open_qa,124,2.2713,0.97253,0.7981,0.640112
330,1,open_qa,204,9.1171,0.82305,0.35935,0.950828
331,1,open_qa,178,4.0088,0.94273,0.48886,0.863012
332,1,open_qa,213,3.9773,0.94643,0.85915,0.909525
333,1,open_qa,87,3.9636,0.94175,0.2441,0.870147
334,1,open_qa,177,5.9838,0.90708,0.29767,0.990392
335,1,open_qa,106,6.6249,0.8843,0.39623,0.795996
336,1,open_qa,111,7.4811,0.85638,0.47748,0.806922
337,1,open_qa,230,3.0164,0.93898,0.19886,0.85286
338,1,open_qa,125,3.3326,0.96078,0.11866,0.828407
339,1,open_qa,237,3.2849,0.9571,0.27723,0.937756
340,1,open_qa,90,9.3406,0.83495,0.14229,0.777655
341,1,open_qa,119,4.9313,0.91892,0.43397,0.875702
342,1,reddit_eli5,183,6.5219,0.89552,0.27229,0.94586
343,1,reddit_eli5,283,5.6455,0.89231,0.35996,0.877603
344,1,reddit_eli5,150,7.76,0.87261,0.15748,0.828783
345,1,reddit_eli5,229,6.0782,0.87938,0.27065,0.995183
346,1,reddit_eli5,258,7.2724,0.88396,0.34884,0.849336
347,1,reddit_eli5,175,8.0947,0.88517,0.17323,0.857548
348,1,reddit_eli5,139,4.9545,0.91667,0.40684,0.838246
349,1,reddit_eli5,154,10.8048,0.85882,0.2128,0.884302
350,1,reddit_eli5,165,4.1752,0.93401,0.49181,0.930608
351,1,reddit_eli5,230,4.9023,0.89655,0.55274,0.901315
352,1,reddit_eli5,170,6.1334,0.91282,0.21693,0.839323
353,1,reddit_eli5,206,4.6328,0.92083,0.32651,0.786691
354,1,reddit_eli5,130,7.7556,0.89542,0.47977,0.950207
355,1,reddit_eli5,272,4.0877,0.93948,0.37011,0.974915
356,1,reddit_eli5,206,3.2091,0.95439,0.87306,1.013436
357,1,reddit_eli5,167,3.9935,0.93011,0.25013,1.018376
358,1,reddit_eli5,164,7.466,0.84783,0.24905,0.922288
359,1,reddit_eli5,144,3.9051,0.93678,0.61856,0.872803
360,1,reddit_eli5,326,5.3669,0.89169,0.37619,0.93867
361,1,reddit_eli5,225,7.7067,0.8996,0.47852,0.949982
362,1,reddit_eli5,168,5.3283,0.90769,0.24499,0.891376
363,1,reddit_eli5,126,6.9591,0.87671,0.37863,0.916526
364,1,reddit_eli5,175,8.9919,0.86702,0.19004,0.843469
365,1,reddit_eli5,121,8.9615,0.84138,0.41921,0.81032
366,1,reddit_eli5,226,6.4338,0.87984,0.37598,0.869563
367,1,reddit_eli5,146,6.9484,0.89441,0.20226,0.878306
368,1,reddit_eli5,189,6.8202,0.9,0.34836,0.908526
369,1,reddit_eli5,220,5.2184,0.92969,0.3371,0.848448
370,1,reddit_eli5,160,5.585,0.91209,0.64323,0.847799
371,1,reddit_eli5,272,4.5528,0.91935,0.48916,0.906471
372,1,reddit_eli5,81,5.5155,0.88043,0.30517,0.840213
373,1,reddit_eli5,144,6.5696,0.88679,0.23178,0.912219
374,1,reddit_eli5,98,10.6064,0.85217,0.19786,0.880153
375,1,reddit_eli5,115,10.2192,0.79851,0.09953,0.873033
376,1,reddit_eli5,224,6.6622,0.88213,0.23975,0.918407
377,1,reddit_eli5,177,7.0667,0.88144,0.36819,0.871887
378,1,reddit_eli5,165,6.2947,0.89071,0.30121,0.840171
379,1,reddit_eli5,114,6.8319,0.89231,0.19218,0.935701
380,1,reddit_eli5,280,4.5795,0.92647,0.33511,0.964489
381,1,reddit_eli5,188,4.07,0.93548,0.22467,0.863657
382,1,reddit_eli5,203,3.8431,0.95154,0.42112,0.879111
383,1,reddit_eli5,221,4.3169,0.94007,0.39043,1.005521
384,1,reddit_eli5,250,3.3713,0.93772,0.41819,0.825956
385,1,reddit_eli5,204,5.6534,0.88136,0.18013,0.883895
386,1,reddit_eli5,104,8.0523,0.86957,0.34077,0.808469
387,1,reddit_eli5,135,10.2551,0.88,0.54785,0.831438
388,1,reddit_eli5,181,5.5255,0.92381,0.37492,1.022492
389,1,reddit_eli5,162,6.1575,0.90761,0.36257,0.874183
390,1,reddit_eli5,177,6.5357,0.87111,0.25705,1.003773
391,1,reddit_eli5,256,6.5136,0.89769,0.31454,0.874713
392,1,wiki_csai,198,2.971,0.95536,0.26801,0.848568
393,1,wiki_csai,272,3.7268,0.93656,0.22948,0.95139
394,1,wiki_csai,238,4.9875,0.91459,0.37572,0.996308
395,1,wiki_csai,158,4.8885,0.93023,0.30128,0.99779
396,1,wiki_csai,216,5.8984,0.90283,0.30422,0.91799
397,1,wiki_csai,94,5.4452,0.9469,0.39634,0.846583
398,1,wiki_csai,207,4.3159,0.94141,0.19444,0.91549
399,1,wiki_csai,234,4.9901,0.94531,0.27643,0.879567
400,1,wiki_csai,185,3.3088,0.96992,0.27037,0.886439
401,1,wiki_csai,186,4.6031,0.93274,0.5983,0.834497
402,1,wiki_csai,154,4.9129,0.94048,0.3339,0.876526
403,1,wiki_csai,195,4.0412,0.95436,0.24997,0.872786
404,1,wiki_csai,221,7.4746,0.89098,0.37354,0.838279
405,1,wiki_csai,190,4.2415,0.92925,0.2757,0.929411
406,1,wiki_csai,237,4.1835,0.94677,0.28726,0.869792
407,1,wiki_csai,146,6.727,0.88136,0.37176,0.911564
408,1,wiki_csai,183,5.1781,0.91707,0.13217,0.873365
409,1,wiki_csai,235,4.4185,0.93258,0.18451,0.94288
410,1,wiki_csai,140,4.6024,0.92949,0.16351,0.801232
411,1,wiki_csai,200,6.5453,0.88797,0.33257,0.927586
412,1,wiki_csai,231,4.9934,0.90391,0.21026,0.87127
413,1,wiki_csai,180,4.1447,0.93939,0.14402,0.897435
414,1,wiki_csai,120,3.5501,0.95364,0.23717,0.751067
415,1,wiki_csai,175,3.9151,0.94762,0.33207,0.903361
416,1,wiki_csai,204,6.8483,0.87597,0.38172,0.889598
417,1,wiki_csai,177,4.2134,0.92488,0.39248,0.896973
418,1,wiki_csai,191,4.4276,0.92952,0.21739,0.985594
419,1,wiki_csai,201,5.8972,0.89496,0.34296,0.921935
420,1,wiki_csai,190,4.8525,0.92857,0.28157,0.985862
421,1,wiki_csai,169,5.5378,0.89231,0.23683,0.852091
422,1,wiki_csai,197,4.5114,0.95283,0.35249,0.875694
423,1,wiki_csai,242,3.7931,0.93851,0.32611,0.947679
424,1,wiki_csai,354,2.3495,0.98135,0.35539,0.871145
425,1,wiki_csai,186,4.3671,0.94009,0.13322,0.88956
426,1,wiki_csai,265,3.9683,0.94463,0.30934,1.006056
427,1,wiki_csai,190,4.8168,0.94954,0.2052,0.862111
428,1,wiki_csai,147,5.3312,0.92135,0.26399,0.80245
429,1,wiki_csai,193,5.4955,0.88546,0.33346,0.919896
430,1,wiki_csai,194,11.3762,0.81116,0.43373,0.929825
431,1,wiki_csai,247,5.1814,0.91459,0.27282,0.841415
432,1,wiki_csai,179,5.8651,0.91981,0.19369,0.894096
433,1,wiki_csai,181,4.7936,0.9403,0.27948,0.813027
434,1,wiki_csai,210,4.948,0.93644,0.1543,1.025122
435,1,wiki_csai,224,4.0972,0.9387,0.20748,1.002279
436,1,wiki_csai,114,4.3186,0.94615,0.13702,0.836747
437,1,wiki_csai,240,4.9311,0.9176,0.24238,0.929495
438,1,wiki_csai,166,4.3379,0.94595,0.2192,0.882902
439,1,wiki_csai,135,7.2367,0.85802,0.20313,0.794142
440,1,wiki_csai,213,5.3236,0.92213,0.18679,0.867088
441,1,wiki_csai,190,3.1165,0.94286,0.29436,0.923922
