idx,label,source,words,burstiness,bino,bino_logppl,bino_xppl,bino_ref_fp32,bino_ref_fp32_logppl,bino_ref_fp32_xppl,bino_ours_fp32,bino_ours_logppl,bino_ours_xppl,bino_q3_fp32,bino_q3_fp32_logppl,bino_q3_fp32_xppl,ppl,top10
0,0,finance,120,0.19149,0.980488,3.140625,3.203125,0.975147,3.122529,3.20211,0.979459,3.122937,3.188432,0.989741,3.649967,3.687802,22.71299,0.713287
1,0,finance,105,0.25943,1.019231,3.3125,3.25,1.022578,3.318295,3.245028,1.025851,3.318665,3.235036,1.010777,3.652716,3.613771,27.623446,0.684211
2,0,finance,134,0.41934,0.931507,2.125,2.28125,0.934028,2.122476,2.272391,0.939854,2.122758,2.258604,0.952583,2.446989,2.568794,8.354149,0.854077
3,0,finance,375,0.52348,1.005128,3.0625,3.046875,1.002,3.054467,3.048369,1.000773,3.054821,3.052462,0.974838,3.396845,3.484521,21.217393,0.746667
4,0,finance,300,0.4037,1.0,3.21875,3.21875,0.997471,3.222034,3.230205,0.99696,3.222395,3.23222,0.981983,3.580688,3.646383,25.088146,0.709497
5,0,finance,90,0.37417,1.005848,2.6875,2.671875,1.004085,2.680483,2.669577,1.010328,2.680822,2.653418,1.000249,3.009392,3.008643,14.59709,0.775194
6,0,finance,88,0.52622,1.014218,3.34375,3.296875,1.012,3.338467,3.298879,1.014573,3.338906,3.290946,1.013311,3.593334,3.546132,28.188261,0.684564
7,0,finance,197,0.47716,0.901639,2.578125,2.859375,0.906779,2.593491,2.860112,0.9107,2.593872,2.848218,0.943078,2.88958,3.063988,13.381479,0.772358
8,0,finance,183,0.2623,1.04902,3.34375,3.1875,1.044933,3.332334,3.189039,1.046058,3.332691,3.185953,1.087509,3.841105,3.532022,28.013645,0.677725
9,0,finance,150,0.35777,0.968421,2.875,2.96875,0.968763,2.866196,2.958614,0.968026,2.866585,2.961268,0.945213,3.066505,3.244247,17.5769,0.77512
10,0,finance,576,0.3862,1.013986,2.265625,2.234375,1.014329,2.263249,2.231276,0.997188,2.384734,2.391459,1.00439,2.445263,2.434575,9.112334,0.83908
11,0,finance,211,0.61861,0.98913,2.84375,2.875,0.987507,2.842109,2.878064,0.989317,2.842472,2.873167,1.045232,3.309588,3.166368,17.158125,0.757463
12,0,finance,310,0.38688,1.026042,3.078125,3.0,1.02401,3.066403,2.994506,1.026707,3.066774,2.986999,1.012841,3.312198,3.270207,21.472513,0.724138
13,0,finance,97,0.50621,1.062893,2.640625,2.484375,1.063442,2.636242,2.478971,1.072015,2.636535,2.45942,1.054707,2.941424,2.788855,13.964728,0.75
14,0,finance,269,0.55488,1.039024,3.328125,3.203125,1.038845,3.315066,3.191108,1.03738,3.315429,3.195964,0.999836,3.511447,3.512024,27.534202,0.715625
15,0,finance,110,0.35326,0.912621,2.9375,3.21875,0.915111,2.935056,3.207323,0.915153,2.935391,3.207541,0.905382,3.219679,3.556157,18.828862,0.735294
16,0,finance,120,0.38297,1.0625,3.71875,3.5,1.067572,3.726332,3.490474,1.068696,3.726707,3.487155,1.024735,3.98843,3.892158,41.542091,0.65493
17,0,finance,353,0.45047,1.035088,2.765625,2.671875,1.028103,2.762513,2.686999,1.030641,2.762819,2.68068,1.077972,3.189563,2.958856,15.844453,0.772947
18,0,finance,176,0.55867,1.027174,2.953125,2.875,1.018961,2.939114,2.884421,1.02306,2.939473,2.873216,1.00608,3.279577,3.259758,18.905886,0.75576
19,0,finance,81,0.53729,0.988827,2.765625,2.796875,0.988545,2.767143,2.799209,0.993503,2.767398,2.785496,0.963126,3.271489,3.396742,15.917166,0.755319
20,0,finance,247,0.31881,0.970588,2.578125,2.65625,0.978715,2.59419,2.650607,0.983357,2.594463,2.638374,0.934557,2.747349,2.939734,13.38939,0.777778
21,0,finance,147,0.57397,1.145349,3.078125,2.6875,1.142991,3.07067,2.686522,1.145342,3.071001,2.681295,1.048013,3.319422,3.167346,21.563466,0.712963
22,0,finance,242,0.46765,1.0,3.5,3.5,1.007447,3.53196,3.505853,1.009169,3.532391,3.500296,0.959532,3.809416,3.970075,34.205644,0.648208
23,0,finance,195,0.41166,0.987421,2.453125,2.484375,0.987631,2.447183,2.47783,0.986052,2.447414,2.482034,0.972793,2.798805,2.877082,11.558419,0.804444
24,0,finance,187,0.52971,1.028902,2.78125,2.703125,1.027992,2.785685,2.70983,1.033702,2.78593,2.695101,0.968918,3.146883,3.247832,16.214886,0.77619
25,0,finance,123,0.40217,1.00625,2.515625,2.5,1.00619,2.513182,2.497722,1.012688,2.513432,2.481941,1.008653,2.98166,2.956081,12.347238,0.79375
26,0,finance,386,0.75904,1.022857,2.796875,2.734375,1.023022,2.798126,2.735158,1.024666,2.798459,2.731094,1.028301,3.131233,3.045054,16.419325,0.766393
27,0,finance,119,0.47425,0.983607,2.8125,2.859375,0.978349,2.793973,2.855803,0.98313,2.794288,2.842235,0.978501,3.098112,3.166181,16.350987,0.761589
28,0,finance,105,0.28252,1.090909,3.0,2.75,1.099763,3.013018,2.739697,1.105163,3.013317,2.726582,1.066699,3.457017,3.240855,20.354805,0.732824
29,0,finance,198,0.52661,0.965517,2.625,2.71875,0.962472,2.618481,2.720578,0.96412,2.618809,2.716269,0.953861,3.034652,3.18144,13.719368,0.785714
30,0,finance,267,0.54272,1.056122,3.234375,3.0625,1.055457,3.227781,3.058183,1.057667,3.228187,3.052178,1.016913,3.610668,3.550616,25.233883,0.704607
31,0,finance,327,0.62978,1.067901,2.703125,2.53125,1.059834,2.698868,2.546501,1.061405,2.699137,2.542986,0.963226,2.956574,3.069449,14.866901,0.778607
32,0,finance,185,0.33101,0.916256,2.90625,3.171875,0.921878,2.915529,3.162597,0.923414,2.915889,3.157726,0.897509,3.220777,3.588575,18.465217,0.75576
33,0,finance,100,0.17889,1.013158,3.609375,3.5625,1.018817,3.627921,3.560915,1.0236,3.628366,3.544711,1.011017,3.995154,3.951618,37.651257,0.640351
34,0,finance,146,0.26439,1.157447,4.25,3.671875,1.163056,4.254269,3.657837,1.163106,4.254727,3.658075,1.164629,4.663531,4.004307,70.43758,0.579882
35,0,finance,157,0.30105,1.026432,3.640625,3.546875,1.022615,3.630484,3.550195,1.026923,3.630959,3.535765,1.004952,3.907078,3.887825,37.748989,0.698925
36,0,finance,87,0.27466,1.147239,2.921875,2.546875,1.146552,2.925499,2.551563,1.156447,2.925755,2.529951,1.113591,3.240677,2.910113,18.648298,0.740385
37,0,finance,145,0.4244,1.058296,3.6875,3.484375,1.064892,3.700954,3.475427,1.066069,3.701343,3.471955,1.027958,3.995553,3.886882,40.501645,0.629412
38,0,finance,223,0.32265,1.024096,2.65625,2.59375,1.01719,2.654149,2.609294,1.018014,2.654415,2.607446,1.022865,2.97405,2.907569,14.216671,0.778195
39,0,finance,128,0.17258,1.065217,3.0625,2.875,1.067997,3.061001,2.866113,1.073249,3.061288,2.852356,1.048736,3.40806,3.249684,21.35505,0.737931
40,0,finance,253,0.56569,1.020942,3.046875,2.984375,1.020132,3.04438,2.984302,1.021945,3.044702,2.97932,0.958407,3.204437,3.343504,21.003768,0.756098
41,0,finance,192,0.43973,1.024038,3.328125,3.25,1.023885,3.321614,3.244129,1.021568,3.321992,3.251857,1.030382,3.719349,3.60968,27.715512,0.688034
42,0,finance,107,0.71488,1.097345,3.875,3.53125,1.094985,3.865849,3.530506,1.099484,3.86624,3.516414,1.059159,4.021343,3.796732,47.762442,0.632
43,0,finance,465,0.33253,0.981132,2.4375,2.484375,0.980387,2.444451,2.493353,0.995116,2.544805,2.557296,0.966787,2.6574,2.748693,11.689487,0.807207
44,0,finance,83,0.16824,1.014218,3.34375,3.296875,1.012017,3.350899,3.31111,1.021023,3.351239,3.282236,0.975482,3.337326,3.421207,28.538082,0.693182
45,0,finance,214,0.51568,0.964286,2.953125,3.0625,0.971476,2.964884,3.051938,0.974574,2.965205,3.042565,0.958189,3.217233,3.357619,19.398687,0.75
46,0,finance,171,0.61913,1.098958,3.296875,3.0,1.10517,3.301143,2.987001,1.109922,3.301489,2.974523,1.064623,3.40922,3.202278,27.153042,0.724771
47,0,finance,110,0.13727,0.969828,3.515625,3.625,0.976615,3.531535,3.616098,0.979885,3.531952,3.604456,0.978983,3.78429,3.86553,34.190637,0.65
48,0,finance,175,0.21909,1.076087,3.09375,2.875,1.080434,3.103266,2.872241,1.084435,3.103602,2.861953,1.083954,3.363478,3.102971,22.278044,0.743119
49,0,finance,144,0.34819,1.016216,2.9375,2.890625,1.020729,2.946196,2.886365,1.023746,2.946581,2.878233,1.058684,3.492214,3.298638,19.040741,0.729469
50,0,medicine,89,1.27254,1.105505,3.765625,3.40625,1.112115,3.778198,3.39731,1.116429,3.778639,3.384577,1.052399,4.250395,4.038768,43.756437,0.650407
51,0,medicine,106,1.14823,1.010256,3.078125,3.046875,1.018412,3.079907,3.024225,1.020876,3.080332,3.017344,1.061203,3.954108,3.726062,21.765631,0.736842
52,0,medicine,116,0.77423,0.972332,3.84375,3.953125,0.976703,3.842876,3.93454,0.978072,3.84338,3.929547,0.977113,4.493063,4.598305,46.682979,0.606452
53,0,medicine,181,0.60018,1.027322,2.9375,2.859375,1.035682,2.941799,2.840447,1.036232,2.94223,2.839355,1.026414,3.40607,3.318419,18.958075,0.761261
54,0,medicine,116,0.46902,1.081818,3.71875,3.4375,1.079898,3.71233,3.437666,1.083824,3.71278,3.42563,1.062608,4.334905,4.079496,40.967515,0.647436
55,0,medicine,92,0.79489,0.913514,2.640625,2.890625,0.910315,2.622678,2.881067,0.915643,2.623062,2.864722,0.961761,3.264195,3.393976,13.777852,0.776978
56,0,medicine,98,0.54932,0.989474,2.9375,2.96875,0.99323,2.938733,2.958764,0.999319,2.939106,2.941108,0.978066,3.436347,3.513412,18.898936,0.700787
57,0,medicine,130,0.52228,0.986175,3.34375,3.390625,0.988686,3.341359,3.379596,0.991657,3.341835,3.369951,0.967474,3.998975,4.13342,28.270956,0.710383
58,0,medicine,90,,0.938389,3.09375,3.296875,0.943611,3.108674,3.294444,0.947727,3.109139,3.280629,0.926948,3.543694,3.822969,22.401747,0.698413
59,0,medicine,110,0.33427,1.139785,3.3125,2.90625,1.139899,3.31307,2.90646,1.14716,3.313371,2.888326,1.136961,3.501443,3.07965,27.477586,0.725806
60,0,medicine,85,0.51227,1.028986,3.328125,3.234375,1.027024,3.324187,3.236719,1.035437,3.324621,3.210838,0.998233,3.885512,3.89239,27.788477,0.663551
61,0,medicine,319,0.93753,1.028986,3.328125,3.234375,1.031481,3.322947,3.22153,1.033579,3.323365,3.215396,1.036593,3.824542,3.689532,27.753597,0.698661
62,0,medicine,88,0.53494,1.165854,3.734375,3.203125,1.170461,3.728152,3.185199,1.17623,3.728558,3.169922,1.092507,3.944428,3.610437,41.619031,0.669643
63,0,medicine,105,0.40473,0.989848,3.046875,3.078125,0.996548,3.140485,3.151364,0.999873,3.140874,3.141273,0.97001,3.67568,3.789323,23.124074,0.742424
64,0,medicine,155,0.8877,1.117977,3.109375,2.78125,1.119268,3.103712,2.772985,1.124352,3.104061,2.760756,1.038501,3.451454,3.323495,22.288286,0.767677
65,0,medicine,108,0.79282,0.960396,3.03125,3.15625,0.964529,3.035094,3.146711,0.971445,3.035461,3.124686,1.024116,3.766102,3.677418,20.810577,0.682171
66,0,medicine,131,0.61113,0.994652,2.90625,2.921875,0.993817,2.906342,2.924423,0.999424,2.906642,2.908318,0.989612,3.401761,3.437469,18.295256,0.738854
67,0,medicine,106,0.41622,0.99435,2.75,2.765625,0.988879,2.744614,2.77548,0.992671,2.744943,2.765209,0.976237,3.239134,3.317979,15.563723,0.753731
68,0,medicine,240,0.60527,1.094241,3.265625,2.984375,1.092538,3.266612,2.989929,1.092124,3.267004,2.991422,1.030026,3.587387,3.482814,26.232625,0.735099
69,0,medicine,123,0.89653,0.973958,2.921875,3.0,0.975891,2.91753,2.989607,0.981869,2.917915,2.971795,1.020856,3.638369,3.564039,18.502667,0.745223
70,0,medicine,84,0.21041,1.008333,3.78125,3.75,1.013966,3.783637,3.731522,1.019781,3.784064,3.710663,0.981325,3.991594,4.067555,43.994491,0.61165
71,0,medicine,141,0.62343,0.995614,3.546875,3.5625,0.991446,3.530506,3.560968,0.992972,3.530978,3.555969,0.951136,3.97537,4.179602,34.15736,0.659459
72,0,medicine,218,0.47979,1.004367,3.59375,3.578125,1.007022,3.599887,3.574786,1.007719,3.600334,3.572754,0.961895,4.004961,4.163615,36.610449,0.653061
73,0,medicine,99,,1.0,3.71875,3.71875,1.000907,3.710382,3.70702,1.004609,3.71087,3.693844,0.977964,4.06378,4.15535,40.889385,0.659091
74,0,medicine,134,1.2678,0.862069,2.34375,2.71875,0.859886,2.338881,2.719989,0.860229,2.339245,2.719328,0.850087,2.838531,3.339108,10.373403,0.816216
75,0,medicine,101,0.4817,0.884615,2.515625,2.84375,0.887982,2.529303,2.848372,0.895654,2.529642,2.824352,0.922267,3.012654,3.266575,12.549013,0.803571
76,0,medicine,149,0.44966,0.924242,2.859375,3.09375,0.926263,2.855278,3.082579,0.929035,2.855756,3.073895,0.934682,3.171365,3.392987,17.387576,0.762136
77,0,medicine,104,0.92269,0.989189,2.859375,2.890625,0.994491,2.860225,2.876068,1.000678,2.860599,2.858661,1.044515,3.280437,3.140631,17.471983,0.719178
78,0,medicine,237,0.56118,1.012397,3.828125,3.78125,1.006904,3.826695,3.800458,1.008572,3.827244,3.794716,0.970642,4.401074,4.53419,45.935779,0.652695
79,0,medicine,99,0.35355,0.994975,3.09375,3.109375,1.003446,3.093701,3.083078,1.010876,3.094101,3.060811,0.956696,3.74327,3.912708,22.067397,0.740458
80,0,medicine,86,0.47858,1.044776,3.28125,3.140625,1.036616,3.262361,3.147126,1.042426,3.262779,3.129985,1.0136,4.021715,3.967754,26.122019,0.710526
81,0,medicine,224,0.51751,0.995495,3.453125,3.46875,0.997066,3.466739,3.476941,0.999752,3.4672,3.468058,0.977252,3.87072,3.960821,32.046876,0.657895
82,0,medicine,164,0.47739,0.965714,2.640625,2.734375,0.970299,2.645682,2.726666,0.97418,2.646047,2.716179,0.911355,2.8324,3.1079,14.098194,0.784038
83,0,medicine,80,0.34177,0.976744,3.9375,4.03125,0.981633,3.935616,4.009254,0.985094,3.936164,3.995723,0.953593,4.447155,4.663579,51.221755,0.588235
84,0,medicine,145,0.57349,1.066326,3.265625,3.0625,1.070082,3.269979,3.055822,1.074599,3.270344,3.043316,1.106248,3.906887,3.531657,26.320385,0.7
85,0,medicine,80,0.3751,1.004975,3.15625,3.140625,0.999287,3.144178,3.146422,1.005387,3.144621,3.127771,0.912767,3.395057,3.719522,23.210865,0.743802
86,0,medicine,80,0.51309,0.924883,3.078125,3.328125,0.919208,3.060712,3.329726,0.926011,3.061099,3.305683,0.954725,3.40431,3.56575,21.351007,0.731959
87,0,medicine,84,0.75357,1.0,2.6875,2.6875,1.005071,2.68545,2.671902,1.00775,2.685797,2.665141,0.918893,3.487185,3.794986,14.669892,0.735294
88,0,medicine,212,0.53902,0.951219,3.046875,3.203125,0.956048,3.051163,3.191432,0.958003,3.051577,3.185353,0.955015,3.569537,3.737676,21.148673,0.727273
89,0,medicine,106,0.72032,0.938889,2.640625,2.8125,0.937801,2.634397,2.809121,0.944848,2.634734,2.788527,0.943484,3.254277,3.449213,13.939598,0.786765
90,0,medicine,200,0.6021,0.994444,2.796875,2.8125,1.002761,2.804581,2.79686,1.004546,2.80493,2.792236,0.993474,3.125307,3.145838,16.525928,0.735915
91,0,medicine,149,0.47663,0.918367,2.109375,2.296875,0.920273,2.098594,2.280404,0.924283,2.098863,2.2708,0.895296,2.890374,3.228399,8.156891,0.888889
92,0,medicine,140,0.74389,0.985849,3.265625,3.3125,0.986126,3.245137,3.290792,0.990386,3.245568,3.277075,0.985721,3.586159,3.638106,25.676288,0.714286
93,0,medicine,93,0.47578,0.95288,2.84375,2.984375,0.951311,2.83468,2.979761,0.956691,2.835008,2.963349,0.898308,3.218784,3.583164,17.030535,0.805085
94,0,medicine,112,0.53289,0.977169,3.34375,3.421875,0.980256,3.343909,3.41126,0.984005,3.344356,3.39872,0.920889,3.718903,4.038385,28.342324,0.716312
95,0,medicine,143,0.50761,1.0,3.515625,3.515625,0.999443,3.503187,3.505139,1.004386,3.503629,3.488328,1.0341,4.131494,3.995257,33.235835,0.686047
96,0,medicine,120,0.46547,1.037915,3.421875,3.296875,1.043652,3.43058,3.287091,1.047268,3.431015,3.276157,1.046584,4.017488,3.838667,30.907999,0.691275
97,0,medicine,164,0.53568,1.008403,3.75,3.71875,1.009322,3.743895,3.709318,1.012177,3.744383,3.699337,1.074354,4.344523,4.043847,42.282908,0.645933
98,0,medicine,101,0.34641,1.08658,3.921875,3.609375,1.086732,3.907734,3.595859,1.093749,3.908219,3.573232,1.01239,4.176199,4.125088,49.810183,0.594406
99,0,medicine,84,0.31587,0.849246,2.640625,3.109375,0.846399,2.646959,3.127318,0.848522,2.647325,3.119924,0.869516,3.268503,3.75899,14.116235,0.809524
100,0,open_qa,88,,0.994924,3.0625,3.078125,1.002005,3.072496,3.066347,1.009289,3.072901,3.044621,1.015428,3.538729,3.484965,21.604487,0.758621
101,0,open_qa,110,,0.720149,1.507812,2.09375,0.71666,1.501873,2.095657,0.719416,1.502083,2.08792,1.02629,2.676024,2.607473,4.491036,0.924242
102,0,open_qa,88,,1.066667,2.125,1.992188,1.07277,2.121417,1.977513,1.081049,2.121666,1.9626,1.123565,2.71105,2.412899,8.345034,0.825688
103,0,open_qa,104,,0.962963,2.84375,2.953125,0.96113,2.842407,2.95736,0.967105,2.842765,2.939459,1.028391,3.376179,3.282972,17.163152,0.782313
104,0,open_qa,121,,0.953757,2.578125,2.703125,0.952533,2.579894,2.708457,0.958767,2.58018,2.691144,0.99388,3.050292,3.069074,13.199513,0.786585
105,0,open_qa,95,,1.04,2.4375,2.34375,1.033966,2.424911,2.345252,1.038551,2.425192,2.335168,1.038478,3.089393,2.974922,11.304399,0.791367
106,0,open_qa,188,,1.082192,2.46875,2.28125,1.089984,2.487029,2.28171,1.094796,2.487303,2.271932,1.08758,2.997147,2.755795,12.028787,0.771218
107,0,open_qa,80,,1.095506,3.046875,2.78125,1.095758,3.048795,2.782363,1.101704,3.049094,2.767616,1.124008,3.391122,3.01699,21.09621,0.69697
108,0,open_qa,91,0.07692,1.12605,2.09375,1.859375,1.142998,2.111825,1.847618,1.154744,2.112069,1.829037,1.083832,2.648922,2.444035,8.265322,0.866071
109,0,open_qa,96,,1.0,3.125,3.125,1.003457,3.125103,3.114337,1.012656,3.125441,3.086379,1.011894,3.742478,3.698489,22.769928,0.730435
110,0,open_qa,81,,1.068421,3.171875,2.96875,1.079292,3.18653,2.952426,1.084951,3.186871,2.937342,1.101766,3.716786,3.37348,24.212533,0.694915
111,0,open_qa,105,,1.065359,2.546875,2.390625,1.07317,2.551737,2.377757,1.08224,2.55199,2.358062,0.986019,2.79318,2.832784,12.832613,0.789916
112,0,open_qa,88,,0.941667,1.765625,1.875,0.944693,1.768806,1.87236,0.949157,1.768982,1.86374,0.969526,2.118301,2.184883,5.864878,0.92233
113,0,open_qa,147,,0.904762,2.375,2.625,0.905618,2.380113,2.628164,0.910424,2.380385,2.614589,0.918685,2.788017,3.03479,10.809061,0.816667
114,0,open_qa,106,0.35849,0.987805,2.53125,2.5625,0.996348,2.538971,2.548276,1.00328,2.539275,2.530975,1.003737,3.176186,3.164361,12.670488,0.787879
115,0,open_qa,123,,1.085227,2.984375,2.75,1.089756,2.98837,2.742239,1.098313,2.988608,2.72109,1.063303,3.361082,3.160983,19.858022,0.753846
116,0,open_qa,206,0.07301,0.959799,2.984375,3.109375,0.959983,2.983305,3.107663,0.9625,2.983737,3.099988,1.006539,3.425633,3.40338,19.761527,0.708995
117,0,open_qa,116,,1.115108,2.421875,2.171875,1.12325,2.435915,2.168632,1.12881,2.436143,2.158151,1.093534,2.788838,2.550297,11.428872,0.798742
118,0,open_qa,134,,1.041958,2.328125,2.234375,1.043231,2.327511,2.231061,1.050362,2.327722,2.216113,1.061471,2.596121,2.445777,10.254552,0.839286
119,0,open_qa,106,,1.101064,3.234375,2.9375,1.101719,3.230676,2.932395,1.107743,3.230971,2.916714,1.12255,3.76635,3.355175,25.304212,0.681159
120,0,open_qa,96,,1.026455,3.03125,2.953125,1.033436,3.030879,2.932817,1.041524,3.031226,2.910376,1.065624,3.595221,3.373818,20.72262,0.752137
121,0,reddit_eli5,92,0.25722,0.948113,3.140625,3.3125,0.945947,3.126583,3.305242,0.950144,3.12697,3.291049,0.93551,3.630516,3.88079,22.804772,0.768421
122,0,reddit_eli5,128,0.37743,1.161458,3.484375,3.0,1.165329,3.493764,2.998092,1.170222,3.494078,2.985824,1.091711,3.686345,3.376669,32.919921,0.703704
123,0,reddit_eli5,168,0.60673,0.895,2.796875,3.125,0.89875,2.79286,3.107492,0.901089,2.79323,3.09984,0.880742,3.210108,3.644775,16.333696,0.762431
124,0,reddit_eli5,336,0.43785,0.959091,3.296875,3.4375,0.964399,3.301345,3.423214,0.965525,3.301772,3.419663,1.000456,3.794111,3.792383,27.160711,0.707386
125,0,reddit_eli5,121,0.24447,1.02,3.1875,3.125,1.023636,3.189144,3.115506,1.030654,3.189542,3.094678,1.0562,3.813323,3.610418,24.277299,0.681818
126,0,reddit_eli5,164,0.46261,0.873626,2.484375,2.84375,0.877489,2.485441,2.832447,0.88042,2.485758,2.823378,0.865759,2.727892,3.150867,12.010219,0.809249
127,0,reddit_eli5,198,0.48563,1.090395,3.015625,2.765625,1.095104,3.016316,2.754367,1.098125,3.016644,2.747085,1.130819,3.416297,3.021082,20.422641,0.721311
128,0,reddit_eli5,83,0.70849,1.096234,4.09375,3.734375,1.098879,4.090253,3.722206,1.10277,4.090654,3.709437,1.053546,4.421619,4.196892,59.779001,0.590909
129,0,reddit_eli5,386,0.45212,0.980198,3.09375,3.15625,0.981846,3.104845,3.162253,0.982633,3.10525,3.160134,0.974024,3.538847,3.633224,22.314799,0.756892
130,0,reddit_eli5,124,0.50078,0.943128,3.109375,3.296875,0.946713,3.103851,3.278557,0.949394,3.104305,3.269774,1.029954,3.872131,3.759518,22.293713,0.72093
131,0,reddit_eli5,117,0.31123,0.874286,2.390625,2.734375,0.876492,2.385808,2.721996,0.881241,2.386133,2.707696,0.792642,2.515202,3.173188,10.87137,0.815126
132,0,reddit_eli5,200,0.62921,0.994872,3.03125,3.046875,0.999087,3.030577,3.033347,1.003267,3.030935,3.021067,0.955374,3.41765,3.577292,20.7166,0.754717
133,0,reddit_eli5,182,0.52183,0.956098,3.0625,3.203125,0.96391,3.070593,3.185559,0.964842,3.070997,3.182901,0.985597,3.577554,3.629836,21.563389,0.702128
134,0,reddit_eli5,357,0.37775,1.046154,3.1875,3.046875,1.053843,3.19323,3.030081,1.055793,3.193575,3.024811,1.00148,3.508527,3.503342,24.375421,0.709273
135,0,reddit_eli5,84,0.17496,1.042945,2.65625,2.546875,1.041237,2.658999,2.553692,1.043657,2.659381,2.548137,1.038522,3.045595,2.932623,14.287443,0.782609
136,0,reddit_eli5,87,0.19506,1.073276,3.890625,3.625,1.074085,3.905152,3.635794,1.081142,3.905603,3.612478,1.003341,4.066189,4.052649,49.680013,0.637363
137,0,reddit_eli5,160,0.36764,1.074257,3.390625,3.15625,1.071068,3.376949,3.152881,1.073596,3.377328,3.14581,1.080097,3.908871,3.619001,29.292397,0.708571
138,0,reddit_eli5,131,0.38183,0.93401,2.875,3.078125,0.935083,2.867511,3.066586,0.939414,2.867916,3.052877,1.006557,3.291758,3.270315,17.600308,0.779412
139,0,reddit_eli5,124,0.47382,0.980392,3.125,3.1875,0.983815,3.136889,3.188494,0.987679,3.137239,3.176375,0.943937,3.560122,3.771567,23.040165,0.703125
140,0,reddit_eli5,112,0.54428,0.891304,2.5625,2.875,0.885241,2.55624,2.887621,0.88713,2.556612,2.881891,0.900679,2.995503,3.325827,12.89206,0.793651
141,0,reddit_eli5,287,0.59142,1.033898,2.859375,2.765625,1.04004,2.877143,2.766377,1.042367,2.877504,2.760549,1.05494,3.337581,3.163764,17.769864,0.769492
142,0,reddit_eli5,180,0.44997,1.135135,3.28125,2.890625,1.143742,3.287444,2.874287,1.148601,3.287765,2.862409,1.068999,3.596427,3.364295,26.782926,0.72
143,0,reddit_eli5,278,0.38919,1.0,3.21875,3.21875,0.996657,3.208474,3.219234,0.998791,3.208897,3.212782,0.96299,3.477786,3.611446,24.751762,0.717172
144,0,reddit_eli5,211,0.45591,1.013825,3.4375,3.390625,1.018439,3.448205,3.385776,1.020912,3.44861,3.377969,1.011422,3.887291,3.843392,31.45662,0.699074
145,0,reddit_eli5,188,0.52936,1.063348,3.671875,3.453125,1.060458,3.668493,3.459347,1.063466,3.6689,3.449944,1.056655,4.061006,3.843267,39.208745,0.642157
146,0,reddit_eli5,122,0.37794,1.0,3.59375,3.59375,1.00059,3.600382,3.598258,1.001879,3.600793,3.594039,1.018741,4.050035,3.97553,36.627268,0.626984
147,0,reddit_eli5,82,0.39101,0.983333,3.6875,3.75,0.984516,3.68678,3.744763,0.988579,3.687216,3.729816,0.916743,3.954004,4.3131,39.933532,0.705263
148,0,reddit_eli5,299,0.54956,1.0,2.96875,2.96875,1.01042,2.972091,2.941441,1.012856,2.972386,2.934657,1.004653,3.280845,3.26565,19.538486,0.753125
149,0,reddit_eli5,169,0.46494,1.037634,3.015625,2.90625,1.041538,3.023724,2.903134,1.045315,3.024135,2.893038,1.064493,3.550219,3.335125,20.5762,0.715
150,0,reddit_eli5,211,0.47672,0.95679,2.421875,2.53125,0.954321,2.412451,2.527924,0.957115,2.412714,2.52082,0.883217,2.624004,2.970962,11.164213,0.834101
151,0,reddit_eli5,118,0.4449,1.105991,3.75,3.390625,1.102432,3.748978,3.400645,1.108454,3.749383,3.382534,1.070914,4.093636,3.822562,42.494853,0.6875
152,0,reddit_eli5,108,0.44905,1.105485,4.09375,3.703125,1.105897,4.091777,3.699961,1.111782,4.092214,3.68077,1.134042,4.687322,4.133288,59.872313,0.598214
153,0,reddit_eli5,87,0.25155,1.00995,3.171875,3.140625,1.012051,3.171607,3.133842,1.019915,3.171943,3.110008,1.034377,3.573869,3.455092,23.853782,0.715789
154,0,reddit_eli5,92,0.53758,1.157025,4.375,3.78125,1.165629,4.392817,3.768623,1.167862,4.393297,3.76183,1.162325,4.801027,4.130537,80.906731,0.51
155,0,reddit_eli5,133,0.44583,1.03125,3.09375,3.0,1.036818,3.105543,2.995265,1.042851,3.105834,2.978213,0.999279,3.442547,3.445032,22.327833,0.725926
156,0,reddit_eli5,368,0.47132,1.0,2.671875,2.671875,1.001859,2.679774,2.6748,1.003389,2.680128,2.671077,1.021043,3.042677,2.979968,14.586961,0.765517
157,0,reddit_eli5,121,0.62908,0.994475,2.8125,2.828125,0.98501,2.806371,2.849078,0.990712,2.806693,2.833005,1.01059,3.25191,3.217832,16.555072,0.782258
158,0,reddit_eli5,186,0.35468,1.036458,3.109375,3.0,1.036164,3.113276,3.004618,1.040074,3.113614,2.993646,1.008149,3.486742,3.458559,22.502217,0.708333
159,0,reddit_eli5,192,0.72917,0.950276,2.6875,2.828125,0.948949,2.696574,2.841642,0.95254,2.69695,2.831323,0.939988,3.056988,3.252156,14.834419,0.77451
160,0,reddit_eli5,500,0.72968,1.054187,3.34375,3.171875,1.060039,3.358,3.167809,1.061766,3.455276,3.254273,1.01815,3.794101,3.726465,28.044489,0.704673
161,0,reddit_eli5,222,0.53518,1.024242,2.640625,2.578125,1.023678,2.626074,2.565331,1.027855,2.626348,2.555173,1.025124,3.037845,2.963392,13.823194,0.8107
162,0,reddit_eli5,298,0.48652,1.051813,3.171875,3.015625,1.051948,3.169622,3.013098,1.054214,3.169978,3.006959,1.07126,3.636375,3.394485,23.806956,0.732484
163,0,reddit_eli5,136,0.43051,1.130719,2.703125,2.390625,1.127154,2.70531,2.400124,1.133365,2.705535,2.38717,1.105217,3.29943,2.985325,14.962321,0.814286
164,0,reddit_eli5,383,0.36701,0.962264,3.1875,3.3125,0.96419,3.178825,3.296886,0.965171,3.179276,3.294004,1.060647,3.750249,3.535814,24.029356,0.719048
165,0,reddit_eli5,248,0.70351,1.043478,3.375,3.234375,1.039153,3.366041,3.239215,1.041742,3.36642,3.231531,1.000561,3.79661,3.794481,28.974625,0.693487
166,0,reddit_eli5,407,0.56296,1.033333,2.90625,2.8125,1.041725,2.913562,2.796862,1.043818,2.91387,2.79155,1.063492,3.325563,3.127022,18.427977,0.754717
167,0,reddit_eli5,100,0.53367,1.03271,3.453125,3.34375,1.032371,3.450394,3.342202,1.037787,3.450782,3.325134,1.054979,3.878108,3.676006,31.525031,0.696078
168,0,reddit_eli5,95,0.37112,0.994286,2.71875,2.734375,0.989232,2.720765,2.750379,0.99773,2.721084,2.727276,0.99407,2.882842,2.90004,15.196792,0.765766
169,0,reddit_eli5,87,0.49238,0.915929,3.234375,3.53125,0.912428,3.220917,3.530051,0.915316,3.22138,3.51942,0.910966,3.532277,3.877506,25.062696,0.724771
170,0,reddit_eli5,84,0.29499,1.0,3.453125,3.453125,1.002855,3.457426,3.447584,1.008064,3.457831,3.430171,0.989649,3.825297,3.865308,31.748036,0.703297
171,0,wiki_csai,155,0.32738,1.075472,2.671875,2.484375,1.077115,2.675323,2.483786,1.083545,2.675516,2.469224,1.02953,2.913627,2.830056,14.519834,0.790055
172,0,wiki_csai,252,0.30117,0.992308,2.015625,2.03125,0.992159,2.01601,2.031944,0.994613,2.016215,2.027136,0.943863,2.050819,2.172794,7.509849,0.84953
173,0,wiki_csai,368,0.8122,0.969466,1.984375,2.046875,0.969359,1.984058,2.046772,0.957109,2.00657,2.096491,0.944696,2.246711,2.378237,6.972579,0.851024
174,0,wiki_csai,194,0.37879,0.954315,2.9375,3.078125,0.955537,2.930965,3.067348,0.956952,2.931236,3.063097,0.932801,3.08058,3.302505,18.750791,0.725322
175,0,wiki_csai,89,0.22331,0.958549,2.890625,3.015625,0.956719,2.888194,3.018852,0.959554,2.888454,3.010205,0.922066,3.084653,3.345371,17.965518,0.728972
176,0,wiki_csai,147,0.35328,0.99435,2.75,2.765625,0.994607,2.75275,2.767677,0.999268,2.752947,2.754964,0.996756,3.028101,3.037955,15.688799,0.748571
177,0,wiki_csai,401,0.70101,0.969565,1.742188,1.796875,0.974804,1.743214,1.78827,0.941399,1.717429,1.824336,0.980272,2.09194,2.134041,5.190128,0.895093
178,0,wiki_csai,142,0.48156,1.069444,2.40625,2.25,1.066288,2.393803,2.244987,1.072527,2.394017,2.232127,1.012014,2.65217,2.620686,10.957421,0.822485
179,0,wiki_csai,359,0.45957,1.102564,2.015625,1.828125,1.09568,2.01047,1.834907,1.098435,2.010656,1.830474,1.06211,2.454356,2.310831,7.468213,0.858025
180,0,wiki_csai,404,0.57827,0.933333,2.1875,2.34375,0.936325,2.192282,2.341369,0.940676,2.24897,2.390801,0.947807,2.459331,2.59476,8.928917,0.814433
181,0,wiki_csai,372,0.828,0.963351,2.875,2.984375,0.959945,2.884911,3.005288,0.961115,2.885228,3.00196,0.936464,3.10167,3.312109,17.907648,0.753275
182,0,wiki_csai,231,0.42686,0.897849,2.609375,2.90625,0.899839,2.600502,2.889963,0.901375,2.600781,2.885348,0.909027,2.966226,3.263078,13.47426,0.770833
183,0,wiki_csai,455,0.36905,0.960526,2.28125,2.375,0.966953,2.291947,2.370277,0.965926,2.431812,2.517598,0.906073,2.450097,2.704083,9.859929,0.833071
184,0,wiki_csai,219,0.31547,0.995,1.554688,1.5625,0.992035,1.553494,1.565967,0.996907,1.553681,1.558502,1.068762,1.892233,1.770491,4.728845,0.891117
185,0,wiki_csai,148,0.33892,1.02,2.390625,2.34375,1.026884,2.40208,2.339193,1.03094,2.402279,2.330184,1.018577,2.599379,2.551972,11.048324,0.820359
186,0,wiki_csai,104,0.47243,0.981595,2.5,2.546875,0.989595,2.511838,2.538249,0.995236,2.512084,2.524109,1.027413,2.827524,2.752082,12.330604,0.785714
187,0,wiki_csai,148,0.26925,1.0,3.0,3.0,0.996909,3.00514,3.014459,0.999343,3.005441,3.007417,0.913925,2.982457,3.263351,20.195113,0.744444
188,0,wiki_csai,434,0.51282,1.0,2.40625,2.40625,1.003383,2.415226,2.407083,0.998499,2.387805,2.391395,0.952562,2.532462,2.658579,10.621029,0.822581
189,0,wiki_csai,229,0.3311,0.977273,2.6875,2.75,0.98092,2.701437,2.753981,0.983093,2.701645,2.748108,0.946389,2.876766,3.039728,14.904234,0.781362
190,0,wiki_csai,182,0.36314,0.994444,2.796875,2.8125,0.990038,2.792248,2.820346,0.993281,2.792506,2.811396,1.035219,3.052641,2.948787,16.321876,0.8
191,0,wiki_csai,90,0.13333,1.085714,2.96875,2.734375,1.088732,2.974358,2.731947,1.093302,2.974604,2.720752,1.124109,3.258204,2.898476,19.581874,0.774775
192,0,wiki_csai,275,0.69124,1.0,2.1875,2.1875,0.995901,2.177607,2.186569,0.996987,2.17781,2.184393,0.946261,2.407095,2.543798,8.826956,0.844504
193,0,wiki_csai,274,0.29686,1.032051,2.515625,2.4375,1.036641,2.517005,2.428039,1.03919,2.517243,2.422313,1.015289,2.815028,2.772638,12.394382,0.761236
194,0,wiki_csai,148,0.19183,0.95092,2.421875,2.546875,0.954289,2.421439,2.537427,0.951894,2.421643,2.544026,0.924992,2.628156,2.841276,11.26435,0.836158
195,0,wiki_csai,490,0.70615,1.033113,2.4375,2.359375,1.031409,2.430321,2.356313,1.03187,2.557338,2.478354,1.064737,2.902387,2.725921,11.935197,0.795489
196,0,wiki_csai,347,0.45714,1.011834,2.671875,2.640625,1.012855,2.67996,2.645945,1.015112,2.68021,2.640309,1.030892,2.980535,2.891218,14.588156,0.779018
197,0,wiki_csai,251,0.46861,1.03871,2.515625,2.421875,1.037311,2.504802,2.414706,1.039678,2.505047,2.409444,1.049626,2.850655,2.715876,12.244131,0.791304
198,0,wiki_csai,139,0.50019,1.053476,3.078125,2.921875,1.052475,3.076523,2.923131,1.05563,3.076804,2.914663,1.029848,3.378766,3.280838,21.688979,0.705521
199,0,wiki_csai,82,0.09126,0.910714,2.390625,2.625,0.908569,2.391855,2.63255,0.913342,2.392083,2.619045,0.932092,2.689609,2.885561,10.93625,0.833333
200,0,wiki_csai,173,0.36604,1.06875,2.671875,2.5,1.069047,2.666425,2.494208,1.072832,2.666672,2.485639,1.012936,2.768615,2.733257,14.391991,0.784753
201,0,wiki_csai,143,0.29111,0.941558,2.265625,2.40625,0.939909,2.262955,2.407631,0.944852,2.263219,2.395315,0.9112,2.402513,2.636646,9.613984,0.822222
202,0,wiki_csai,418,0.4595,1.059459,3.0625,2.890625,1.059507,3.064129,2.892034,1.055472,3.079674,2.917817,1.04587,3.362095,3.21464,21.221778,0.711832
203,0,wiki_csai,277,0.33855,0.996,1.945312,1.953125,0.995442,1.947315,1.956231,0.998375,1.947508,1.950679,0.97879,2.188897,2.236329,7.011193,0.883191
204,0,wiki_csai,124,0.39293,1.130435,3.25,2.875,1.13395,3.246872,2.863328,1.139088,3.247142,2.850651,1.052128,3.423685,3.254058,25.716732,0.715232
205,0,wiki_csai,117,0.28166,1.016393,1.9375,1.90625,1.016586,1.928617,1.897151,1.024822,1.928794,1.882076,1.080158,2.224028,2.058985,6.881204,0.860927
206,0,wiki_csai,165,0.46275,0.910112,2.53125,2.78125,0.911679,2.527762,2.772646,0.914002,2.527996,2.765855,0.988155,2.948301,2.983644,12.528373,0.813472
207,0,wiki_csai,87,0.43344,1.15,3.234375,2.8125,1.154787,3.23774,2.803754,1.161915,3.237986,2.786766,1.069038,3.524117,3.29653,25.482344,0.685714
208,0,wiki_csai,200,0.41857,0.982249,2.59375,2.640625,0.974804,2.580733,2.647438,0.975146,2.581011,2.646795,1.012514,2.939739,2.903406,13.210486,0.813187
209,0,wiki_csai,225,0.48066,1.019231,2.484375,2.4375,1.010559,2.472739,2.446903,1.012825,2.473007,2.441692,1.026919,3.185626,3.102121,11.858056,0.801887
210,0,wiki_csai,138,0.47074,0.934911,2.46875,2.640625,0.932297,2.469596,2.648937,0.935254,2.469934,2.640924,0.953947,2.800602,2.935804,11.821665,0.814433
211,0,wiki_csai,143,0.49842,0.982456,2.625,2.671875,0.980275,2.624881,2.677699,0.9841,2.625141,2.667555,0.951027,2.775104,2.918006,13.806523,0.798883
212,0,wiki_csai,245,0.6413,0.994253,2.703125,2.71875,0.987235,2.685562,2.720285,0.98918,2.685843,2.715223,0.976909,3.038923,3.110755,14.67057,0.778816
213,0,wiki_csai,107,0.45555,0.957447,2.8125,2.9375,0.963706,2.829668,2.936235,0.965185,2.829976,2.932054,0.953187,3.015923,3.164041,16.945045,0.76378
214,0,wiki_csai,286,0.57372,1.068323,2.6875,2.515625,1.067001,2.688011,2.519222,1.06951,2.688233,2.513518,1.021941,2.917612,2.854972,14.705664,0.79661
215,0,wiki_csai,219,0.6271,1.015544,3.0625,3.015625,1.011261,3.044391,3.010492,1.013619,3.044685,3.003778,0.999185,3.346348,3.349077,21.003421,0.743682
216,0,wiki_csai,246,0.46937,1.038889,2.921875,2.8125,1.035079,2.910675,2.812032,1.036085,2.910947,2.809564,1.035221,3.198492,3.08967,18.3742,0.754266
217,0,wiki_csai,432,1.26001,0.988095,1.945312,1.96875,0.995074,1.952358,1.962022,0.98834,1.911822,1.934376,1.061352,2.333881,2.198971,6.221642,0.880805
218,0,wiki_csai,145,,1.029586,2.71875,2.640625,1.027945,2.708771,2.635132,1.030981,2.70906,2.627653,1.017269,3.05476,3.002903,15.015154,0.761905
219,0,wiki_csai,103,0.57298,0.951807,2.46875,2.59375,0.951217,2.46455,2.590943,0.955901,2.464798,2.578508,0.897972,2.657304,2.959227,11.761107,0.833333
220,0,wiki_csai,376,0.46967,1.023256,2.0625,2.015625,1.024606,2.069326,2.019632,1.027595,2.0695,2.013926,1.02977,2.381021,2.312188,7.920863,0.846154
221,1,finance,218,0.37323,0.887387,1.539062,1.734375,0.890653,1.544535,1.734161,0.897392,1.54467,1.721287,0.989074,1.89456,1.915488,4.686424,0.91498
222,1,finance,137,0.43294,0.866667,1.828125,2.109375,0.868024,1.825815,2.103414,0.874996,1.825978,2.086842,0.81878,1.960196,2.394044,6.208864,0.9
223,1,finance,233,0.46481,0.849765,1.414062,1.664062,0.845426,1.407055,1.664315,0.851742,1.407194,1.652138,1.017847,1.568868,1.541359,4.084479,0.936567
224,1,finance,390,0.40639,0.883041,1.179688,1.335938,0.890667,1.181995,1.327089,0.893505,1.18208,1.322969,0.935893,1.381005,1.475602,3.26115,0.949074
225,1,finance,257,0.38719,0.931217,1.375,1.476562,0.927255,1.371961,1.479595,0.928631,1.372049,1.477495,0.947844,1.640951,1.731246,3.943421,0.938776
226,1,finance,147,0.2692,0.860544,0.988281,1.148438,0.868482,0.992003,1.142227,0.881937,0.992083,1.124891,0.810231,1.175866,1.451273,2.696847,0.95679
227,1,finance,147,0.57021,0.809524,1.59375,1.96875,0.804625,1.590192,1.976314,0.81023,1.590405,1.962906,0.8673,1.888471,2.177413,4.905737,0.909091
228,1,finance,208,0.53808,0.77381,1.523438,1.96875,0.775945,1.522284,1.961846,0.78019,1.522469,1.951409,0.813137,1.745665,2.146827,4.58353,0.919149
229,1,finance,289,0.61183,0.906667,1.0625,1.171875,0.912624,1.060843,1.162409,0.921291,1.0609,1.151537,0.966756,1.316073,1.361329,2.888972,0.965625
230,1,finance,204,0.38666,0.803738,1.34375,1.671875,0.80977,1.350857,1.668198,0.814724,1.350965,1.658187,0.910669,1.555242,1.707803,3.861151,0.930131
231,1,finance,312,0.57242,1.013072,1.210938,1.195312,1.01265,1.209645,1.194535,1.018294,1.209725,1.187993,0.918279,1.348697,1.468723,3.352564,0.949296
232,1,finance,253,0.46635,0.785088,1.398438,1.78125,0.788015,1.398321,1.774484,0.792604,1.398452,1.764376,0.826614,1.589942,1.923439,4.048927,0.949324
233,1,finance,197,0.36899,0.837662,2.015625,2.40625,0.835541,2.001872,2.3959,0.842727,2.002046,2.375675,0.852345,2.09923,2.462889,7.404192,0.889401
234,1,finance,230,0.57457,0.747899,1.390625,1.859375,0.745463,1.387039,1.86064,0.751958,1.387224,1.844814,0.835002,1.668473,1.998168,4.003719,0.931655
235,1,finance,204,0.21073,0.806604,1.335938,1.65625,0.802519,1.330104,1.657411,0.810059,1.330211,1.642117,0.908043,1.471684,1.620721,3.781842,0.955752
236,1,finance,315,0.39152,0.941176,1.25,1.328125,0.944003,1.255364,1.329831,0.945596,1.255453,1.327684,0.968718,1.460662,1.50783,3.509427,0.95493
237,1,finance,92,0.3059,0.789474,1.640625,2.078125,0.784993,1.628741,2.074848,0.790965,1.628914,2.059401,0.882809,1.858639,2.10537,5.098332,0.904762
238,1,finance,287,0.20104,0.808696,1.453125,1.796875,0.805434,1.452043,1.802809,0.808288,1.452188,1.796622,0.883379,1.541435,1.74493,4.272454,0.926518
239,1,finance,239,0.33168,0.759825,1.359375,1.789062,0.755101,1.351853,1.790295,0.759745,1.351994,1.779535,0.993099,1.643783,1.655206,3.865125,0.939623
240,1,finance,92,0.17927,0.769531,1.539062,2.0,0.775556,1.54076,1.986652,0.785588,1.540899,1.96146,0.784164,1.712527,2.183889,4.668786,0.93
241,1,finance,186,0.45784,0.841004,1.570312,1.867188,0.840842,1.566093,1.862528,0.845648,1.566235,1.852112,0.915066,1.856321,2.028621,4.788585,0.951923
242,1,finance,296,0.57783,0.835979,1.234375,1.476562,0.838296,1.230799,1.468215,0.841563,1.230926,1.462665,0.920074,1.475372,1.603535,3.424398,0.938172
243,1,finance,152,0.16539,0.811927,1.382812,1.703125,0.821773,1.386661,1.687402,0.829409,1.386745,1.671968,0.846862,1.710272,2.019539,4.001802,0.953488
244,1,finance,151,0.67877,0.868293,1.390625,1.601562,0.874436,1.390081,1.589688,0.884037,1.390175,1.57253,0.865463,1.686069,1.94817,4.015554,0.923529
245,1,finance,391,0.54754,0.969136,1.226562,1.265625,0.971105,1.232275,1.268941,0.974895,1.232371,1.264107,0.925905,1.450976,1.56709,3.429352,0.944444
246,1,finance,270,0.9841,0.987805,1.265625,1.28125,0.992006,1.262407,1.272579,0.998614,1.262496,1.264248,0.967626,1.499334,1.549498,3.534231,0.938312
247,1,finance,390,0.56127,0.862385,1.46875,1.703125,0.865084,1.468757,1.69782,0.868795,1.468908,1.690742,0.928404,1.752771,1.887939,4.34449,0.927195
248,1,finance,215,0.23003,0.777311,1.445312,1.859375,0.784859,1.448401,1.845427,0.788696,1.448574,1.836668,0.977839,1.896213,1.939188,4.257038,0.933071
249,1,finance,217,0.56613,0.876777,1.445312,1.648438,0.878522,1.445748,1.645659,0.88337,1.445873,1.636769,0.868561,1.595868,1.837371,4.245558,0.953586
250,1,finance,279,0.41971,0.825,1.289062,1.5625,0.830276,1.289742,1.553388,0.834266,1.289881,1.546126,0.939727,1.479933,1.574854,3.632354,0.934132
251,1,finance,153,0.50204,0.791667,1.632812,2.0625,0.792968,1.633675,2.060204,0.797835,1.633858,2.047864,0.826454,1.860732,2.251464,5.123601,0.895833
252,1,finance,222,0.38062,0.892019,1.484375,1.664062,0.892385,1.489738,1.669389,0.900651,1.489845,1.654187,0.92746,1.724831,1.859737,4.43641,0.94
253,1,finance,154,0.34139,0.784689,1.28125,1.632812,0.790628,1.276685,1.614772,0.795576,1.276809,1.604887,0.795411,1.554201,1.95396,3.585182,0.937853
254,1,finance,201,0.5823,0.84589,1.929688,2.28125,0.845462,1.935961,2.289826,0.850346,1.93619,2.276943,0.840534,2.081905,2.476883,6.932288,0.899582
255,1,finance,246,0.36167,0.868778,1.5,1.726562,0.87048,1.512342,1.737365,0.87711,1.512452,1.724359,0.853915,1.577384,1.847238,4.537845,0.92963
256,1,finance,165,0.4658,0.827206,1.757812,2.125,0.833388,1.760546,2.112516,0.838341,1.76073,2.100255,0.921227,1.873727,2.033946,5.816683,0.907104
257,1,finance,200,0.39862,0.798354,1.515625,1.898438,0.800526,1.516797,1.894752,0.805769,1.516963,1.882627,0.888717,1.789249,2.013295,4.558358,0.951542
258,1,finance,234,0.19188,0.835391,1.585938,1.898438,0.840332,1.592201,1.894729,0.844953,1.592337,1.884527,0.834771,1.846694,2.212217,4.915224,0.926923
259,1,finance,181,0.51547,0.795833,1.492188,1.875,0.803964,1.499473,1.865101,0.808267,1.499592,1.855318,0.894042,1.713061,1.916086,4.479861,0.935323
260,1,finance,231,0.3427,0.896739,1.289062,1.4375,0.901177,1.292133,1.433827,0.907587,1.29222,1.423797,0.92623,1.512786,1.633273,3.64086,0.935361
261,1,finance,290,0.65406,0.831818,1.429688,1.71875,0.836536,1.43524,1.715694,0.841791,1.435375,1.705143,0.896505,1.666873,1.859302,4.201219,0.932099
262,1,finance,222,0.76704,0.800926,1.351562,1.6875,0.8035,1.356416,1.688134,0.809835,1.356521,1.67506,0.815356,1.617099,1.983306,3.882663,0.943548
263,1,finance,199,0.37067,0.894977,1.53125,1.710938,0.893692,1.523692,1.704941,0.897975,1.523797,1.696925,0.848199,1.68607,1.987823,4.589619,0.918552
264,1,finance,194,0.34393,0.912281,1.21875,1.335938,0.916224,1.215748,1.326911,0.926456,1.215866,1.312384,0.923573,1.464146,1.585307,3.373212,0.917431
265,1,finance,253,0.39397,0.748792,1.210938,1.617188,0.758135,1.220975,1.610498,0.763208,1.221119,1.599981,0.814334,1.420284,1.744106,3.39098,0.945017
266,1,finance,129,0.68652,0.990909,1.703125,1.71875,0.991206,1.704512,1.719634,1.000656,1.704618,1.703501,0.924878,1.904024,2.058675,5.499286,0.914894
267,1,finance,232,0.43885,0.906103,1.507812,1.664062,0.905325,1.494814,1.651136,0.910613,1.49495,1.641696,0.968631,1.633164,1.686054,4.459113,0.927798
268,1,finance,206,0.37814,0.856481,1.445312,1.6875,0.858403,1.447942,1.686785,0.864052,1.4481,1.675942,0.846979,1.558194,1.839708,4.255023,0.92126
269,1,finance,301,0.43631,0.962162,1.390625,1.445312,0.966605,1.393524,1.441668,0.968925,1.393614,1.438309,0.91397,1.495756,1.636548,4.029385,0.949405
270,1,finance,241,0.37356,0.780591,1.445312,1.851562,0.779709,1.438277,1.844632,0.782737,1.438409,1.837665,0.90105,1.716076,1.904528,4.213987,0.933852
271,1,medicine,185,0.24694,0.828194,1.46875,1.773438,0.833442,1.472097,1.766287,0.838076,1.472222,1.756668,0.913434,1.998077,2.187435,4.358911,0.914692
272,1,medicine,203,0.91046,0.705128,1.289062,1.828125,0.710355,1.292662,1.819742,0.713687,1.292805,1.811446,0.806901,1.498392,1.856971,3.64299,0.940945
273,1,medicine,112,0.2846,1.037433,1.515625,1.460938,1.039729,1.51618,1.458246,1.05632,1.516266,1.435423,1.058746,1.843544,1.741253,4.555185,0.91791
274,1,medicine,228,0.18895,0.774566,1.046875,1.351562,0.78132,1.055889,1.351417,0.785595,1.05598,1.344178,0.799312,1.402725,1.754915,2.874791,0.96063
275,1,medicine,193,0.48864,0.937853,1.296875,1.382812,0.944798,1.306311,1.382635,0.950869,1.306384,1.373885,0.960109,1.655417,1.724197,3.692798,0.922727
276,1,medicine,149,0.325,0.884615,1.617188,1.828125,0.891341,1.628462,1.826981,0.895271,1.628597,1.819111,0.877005,1.898303,2.164528,5.096717,0.930636
277,1,medicine,169,0.17633,0.861472,1.554688,1.804688,0.863191,1.55316,1.799323,0.86893,1.553263,1.787557,0.877343,1.785791,2.035454,4.726868,0.945652
278,1,medicine,206,0.23522,0.86,1.34375,1.5625,0.859018,1.336495,1.55584,0.864846,1.336607,1.545486,0.86984,1.662758,1.911568,3.806109,0.925926
279,1,medicine,198,0.23925,0.847561,1.085938,1.28125,0.853796,1.090701,1.277472,0.859387,1.090788,1.269263,0.920793,1.211691,1.315921,2.976619,0.963415
280,1,medicine,211,0.2617,0.934066,1.328125,1.421875,0.931949,1.328484,1.42549,0.939716,1.328558,1.413786,0.983295,1.581427,1.608294,3.775594,0.939655
281,1,medicine,158,0.41037,0.919753,1.164062,1.265625,0.928986,1.166098,1.255237,0.93866,1.1662,1.242409,0.918689,1.314903,1.431282,3.209771,0.946341
282,1,medicine,148,0.26755,0.74,1.445312,1.953125,0.742384,1.444459,1.945704,0.745978,1.444596,1.936512,0.778599,1.506363,1.934709,4.240141,0.946108
283,1,medicine,159,0.36662,0.864583,1.296875,1.5,0.868513,1.296827,1.493157,0.876855,1.296926,1.479065,0.900353,1.437409,1.596495,3.658035,0.936842
284,1,medicine,225,0.37602,0.859259,0.90625,1.054688,0.858283,0.904287,1.0536,0.864397,0.904356,1.046227,0.938824,1.089786,1.160798,2.47034,0.959322
285,1,medicine,284,0.20616,0.891566,1.15625,1.296875,0.895073,1.155396,1.290839,0.900312,1.155469,1.283411,1.053508,1.527225,1.449656,3.175514,0.945783
286,1,medicine,227,0.32315,0.81982,1.421875,1.734375,0.817529,1.413414,1.728886,0.820184,1.413535,1.723436,0.953284,1.813461,1.902329,4.110459,0.954023
287,1,medicine,205,0.39449,0.872642,1.445312,1.65625,0.874581,1.445124,1.652361,0.876994,1.445242,1.64795,0.889098,1.65541,1.861897,4.24288,0.93617
288,1,medicine,155,0.22312,0.902174,1.296875,1.4375,0.901307,1.301536,1.444055,0.909804,1.301627,1.430667,0.932989,1.571599,1.684478,3.67527,0.942708
289,1,medicine,170,0.29681,0.774892,1.398438,1.804688,0.770091,1.38629,1.800165,0.77542,1.386407,1.787945,0.898356,1.757725,1.956602,4.000453,0.940541
290,1,medicine,204,0.32685,0.815261,1.585938,1.945312,0.812563,1.578152,1.942189,0.816796,1.578272,1.932271,0.871162,1.653858,1.898451,4.846572,0.946903
291,1,medicine,174,0.29563,0.865672,1.359375,1.570312,0.870792,1.358974,1.560619,0.877202,1.35907,1.549324,0.846272,1.628624,1.924469,3.892571,0.95098
292,1,medicine,137,0.22092,0.822785,1.523438,1.851562,0.821719,1.517812,1.847118,0.828,1.517915,1.833231,0.819039,1.7736,2.165464,4.562702,0.919255
293,1,medicine,187,0.18063,0.906433,1.210938,1.335938,0.905811,1.212811,1.338923,0.913801,1.212885,1.327297,0.956943,1.454811,1.520269,3.363175,0.940639
294,1,medicine,94,0.3642,0.782427,1.460938,1.867188,0.786323,1.466512,1.865025,0.796491,1.466642,1.841379,0.844618,2.095372,2.480852,4.334654,0.948454
295,1,medicine,195,0.31215,0.694444,0.878906,1.265625,0.693413,0.87784,1.265971,0.699672,0.877939,1.254787,0.817157,0.992895,1.21506,2.405936,0.962656
296,1,medicine,256,0.36975,0.968586,1.445312,1.492188,0.965355,1.449273,1.501285,0.970858,1.449362,1.492868,1.017444,1.732366,1.702665,4.260396,0.936242
297,1,medicine,197,0.29076,0.77512,1.265625,1.632812,0.774974,1.268131,1.636354,0.778732,1.268253,1.628613,0.891033,1.536589,1.724503,3.554636,0.966387
298,1,medicine,360,1.06025,0.905028,1.265625,1.398438,0.904759,1.265778,1.399022,0.908331,1.265877,1.393629,1.032175,1.52183,1.474392,3.546201,0.949192
299,1,medicine,205,0.46743,0.790323,1.148438,1.453125,0.789596,1.153771,1.461218,0.794093,1.153876,1.453073,0.869856,1.374497,1.580144,3.170457,0.955556
300,1,medicine,122,0.37293,0.829932,1.90625,2.296875,0.833487,1.907855,2.289004,0.837695,1.90805,2.277737,0.860673,2.265385,2.632109,6.73993,0.901515
301,1,medicine,220,0.53482,0.884422,1.375,1.554688,0.891647,1.380678,1.548459,0.896776,1.380805,1.539742,0.986089,1.689444,1.713276,3.978101,0.914286
302,1,medicine,395,0.22353,0.855072,0.921875,1.078125,0.851878,0.919126,1.078941,0.855893,0.919194,1.073958,0.925729,1.139162,1.230557,2.507268,0.962
303,1,medicine,181,0.21074,0.907216,1.375,1.515625,0.90342,1.369531,1.515941,0.910797,1.369632,1.503774,0.896178,1.60818,1.794489,3.933903,0.947137
304,1,medicine,179,0.23263,0.811404,1.445312,1.78125,0.811165,1.443667,1.779745,0.81568,1.443769,1.770018,0.905238,1.74982,1.932993,4.236633,0.935961
305,1,medicine,159,0.1871,0.806452,1.367188,1.695312,0.818301,1.374693,1.679935,0.823244,1.374828,1.670013,0.874509,1.678068,1.918869,3.954397,0.950739
306,1,medicine,141,0.22077,0.982759,1.335938,1.359375,0.985742,1.333151,1.352433,0.996863,1.333233,1.337428,0.957143,1.676461,1.751526,3.793288,0.942197
307,1,medicine,104,0.08271,0.982857,1.34375,1.367188,0.984762,1.346593,1.36743,0.999004,1.346658,1.348001,0.89974,1.727798,1.920331,3.844554,0.923729
308,1,medicine,202,0.28057,0.877934,1.460938,1.664062,0.878656,1.458049,1.659407,0.88369,1.458148,1.650069,0.96547,1.748862,1.81141,4.297994,0.921397
309,1,medicine,261,0.27975,0.864407,1.195312,1.382812,0.865252,1.191574,1.377142,0.868208,1.191672,1.372566,0.921351,1.384736,1.502941,3.292582,0.948387
310,1,medicine,179,0.30307,0.717557,1.46875,2.046875,0.721602,1.472914,2.041173,0.724483,1.473059,2.033255,0.815022,1.706693,2.094046,4.36256,0.944186
311,1,medicine,218,0.31314,0.900585,1.203125,1.335938,0.902431,1.202896,1.33295,0.910043,1.202985,1.321899,0.909021,1.330458,1.463616,3.330042,0.957692
312,1,medicine,119,0.28435,0.907104,1.296875,1.429688,0.904407,1.296239,1.433248,0.915785,1.296322,1.415531,0.827617,1.573083,1.900736,3.655824,0.945736
313,1,medicine,285,0.37271,0.862275,1.125,1.304688,0.874168,1.130827,1.293604,0.87694,1.130901,1.289599,0.889457,1.317814,1.481594,3.098446,0.955128
314,1,medicine,83,0.19687,0.949367,1.171875,1.234375,0.952281,1.168801,1.227369,0.972068,1.16887,1.202457,0.982066,1.835322,1.868836,3.218353,0.955556
315,1,medicine,199,0.29652,0.745192,1.210938,1.625,0.747427,1.214594,1.625034,0.752487,1.214706,1.614256,0.80046,1.300096,1.624186,3.369303,0.953191
316,1,medicine,251,0.29758,0.865591,1.257812,1.453125,0.871199,1.252711,1.437916,0.874998,1.252786,1.431759,0.926467,1.428457,1.541834,3.50008,0.932143
317,1,medicine,242,0.32819,0.747024,0.980469,1.3125,0.748024,0.976301,1.305174,0.752686,0.976396,1.297216,0.797479,1.055958,1.324121,2.654871,0.980519
318,1,medicine,137,0.24957,0.796681,1.5,1.882812,0.789321,1.483585,1.879571,0.796578,1.48372,1.862616,0.830482,1.638998,1.973551,4.409316,0.929032
319,1,medicine,144,0.31056,0.832579,1.4375,1.726562,0.835983,1.427792,1.70792,0.845164,1.427916,1.689513,0.880193,1.707863,1.940328,4.169999,0.940476
320,1,medicine,115,0.17173,0.743151,1.695312,2.28125,0.745645,1.702849,2.283724,0.751437,1.703044,2.266384,0.804599,1.941773,2.413342,5.490636,0.923664
321,1,open_qa,111,0.43542,0.743902,1.90625,2.5625,0.743141,1.906674,2.565696,0.748129,1.906924,2.548925,0.792539,2.091125,2.638515,6.732349,0.884354
322,1,open_qa,109,0.38192,1.178082,2.015625,1.710938,1.162194,1.988979,1.711401,1.174752,1.989129,1.693234,0.785958,1.861411,2.368332,7.309166,0.89313
323,1,open_qa,219,0.55582,0.729358,1.242188,1.703125,0.731096,1.245783,1.703993,0.732562,1.245964,1.700832,0.733827,1.422108,1.937934,3.476286,0.944444
324,1,open_qa,226,0.44354,0.953608,1.445312,1.515625,0.960332,1.448848,1.508695,0.960208,1.448949,1.508996,0.865208,1.546785,1.78776,4.258637,0.92803
325,1,open_qa,104,0.52154,0.755102,1.445312,1.914062,0.765207,1.455798,1.902489,0.771289,1.455895,1.887613,0.699432,1.504452,2.150961,4.288319,0.947368
326,1,open_qa,252,0.87503,0.882051,1.34375,1.523438,0.884135,1.347995,1.524649,0.887603,1.348095,1.518803,0.882149,1.434749,1.626424,3.850083,0.933535
327,1,open_qa,114,0.15544,0.672065,1.296875,1.929688,0.676251,1.304288,1.928704,0.68098,1.304479,1.91559,0.675312,1.405351,2.08104,3.685767,0.95
328,1,open_qa,131,0.14703,0.801802,1.390625,1.734375,0.80365,1.389627,1.729144,0.806515,1.389732,1.723132,0.817023,1.596395,1.953917,4.013775,0.944828
329,1,open_qa,124,0.7981,0.599237,0.613281,1.023438,0.605648,0.615009,1.015456,0.610535,0.615116,1.007502,0.63344,0.820256,1.294923,1.849871,0.972527
330,1,open_qa,204,0.35935,0.888462,1.804688,2.03125,0.892815,1.798647,2.014579,0.896272,1.798789,2.006969,0.947961,2.209981,2.331299,6.042326,0.888889
331,1,open_qa,178,0.48886,0.790244,1.265625,1.601562,0.786286,1.267313,1.61177,0.783288,1.267424,1.618082,0.865187,1.388381,1.604718,3.551692,0.947137
332,1,open_qa,213,0.85915,0.804469,1.125,1.398438,0.808073,1.11923,1.38506,0.811514,1.119315,1.379292,0.900517,1.380498,1.533007,3.062755,0.967857
333,1,open_qa,87,0.2441,0.66087,1.1875,1.796875,0.657243,1.180717,1.796471,0.667269,1.180838,1.769657,0.848287,1.377047,1.623327,3.257102,0.980583
334,1,open_qa,177,0.29767,0.830275,1.414062,1.703125,0.838979,1.417675,1.689761,0.841332,1.417789,1.685173,0.971568,1.788906,1.841257,4.127984,0.933628
335,1,open_qa,106,0.39623,0.756198,1.429688,1.890625,0.760971,1.431776,1.881513,0.768871,1.431897,1.862338,0.785663,1.890616,2.406396,4.186632,0.92562
336,1,open_qa,111,0.47748,0.847222,1.90625,2.25,0.842641,1.898022,2.252469,0.846145,1.898206,2.243359,0.803036,2.012255,2.505809,6.673913,0.87234
337,1,open_qa,230,0.19886,0.832237,0.988281,1.1875,0.836105,0.99093,1.185174,0.839936,0.991038,1.179897,0.826215,1.103938,1.336138,2.694028,0.932203
338,1,open_qa,125,0.11866,0.757764,0.953125,1.257812,0.757936,0.952679,1.256939,0.768254,0.952754,1.240155,0.804631,1.203681,1.495941,2.59284,0.980392
339,1,open_qa,237,0.27723,0.871622,1.007812,1.15625,0.871154,1.00429,1.152828,0.874052,1.004355,1.149079,0.937807,1.189265,1.268134,2.730146,0.970297
340,1,open_qa,90,0.14229,0.688235,1.828125,2.65625,0.691491,1.825176,2.63948,0.694041,1.825341,2.630019,0.774105,2.234166,2.88613,6.20491,0.941748
341,1,open_qa,119,0.43397,0.902326,1.515625,1.679688,0.9081,1.513503,1.66667,0.911645,1.513608,1.660304,0.869454,1.595428,1.834977,4.543092,0.952703
342,1,reddit_eli5,183,0.27229,0.915966,1.703125,1.859375,0.913176,1.700405,1.862078,0.917431,1.700508,1.853553,0.943006,1.875054,1.988379,5.476729,0.920398
343,1,reddit_eli5,283,0.35996,0.895928,1.546875,1.726562,0.890665,1.537996,1.726796,0.896086,1.538108,1.716474,0.865357,1.730774,2.000068,4.655775,0.904615
344,1,reddit_eli5,150,0.15748,0.733108,1.695312,2.3125,0.728989,1.687724,2.315157,0.733433,1.687877,2.301339,0.819537,2.048812,2.499964,5.407989,0.936306
345,1,reddit_eli5,229,0.27065,0.984375,1.476562,1.5,0.981825,1.462862,1.489942,0.991543,1.462946,1.475423,0.981026,1.804618,1.83952,4.318664,0.922179
346,1,reddit_eli5,258,0.34884,0.839844,1.679688,2.0,0.833421,1.668716,2.002249,0.836807,1.668855,1.994312,0.839276,1.983926,2.363855,5.306088,0.897611
347,1,reddit_eli5,175,0.17323,0.819549,1.703125,2.078125,0.817789,1.704355,2.084102,0.822593,1.704493,2.072097,0.841759,2.091033,2.484123,5.498596,0.904306
348,1,reddit_eli5,139,0.40684,0.783898,1.445312,1.84375,0.783655,1.448127,1.847915,0.788977,1.448251,1.835606,0.829035,1.600118,1.930096,4.255664,0.934524
349,1,reddit_eli5,154,0.2128,0.888112,1.984375,2.234375,0.89162,1.984912,2.226186,0.893263,1.985056,2.222253,0.874321,2.379805,2.721889,7.279454,0.864706
350,1,reddit_eli5,165,0.49181,0.761421,1.171875,1.539062,0.772284,1.173937,1.520085,0.775287,1.174038,1.514328,0.914003,1.429028,1.563482,3.235031,0.944162
351,1,reddit_eli5,230,0.55274,0.905473,1.421875,1.570312,0.903634,1.415477,1.566427,0.906557,1.415586,1.561498,0.888192,1.589589,1.789691,4.118901,0.911877
352,1,reddit_eli5,170,0.21693,0.813492,1.601562,1.96875,0.811838,1.596683,1.966752,0.813364,1.596791,1.963193,0.829625,1.813574,2.186017,4.937164,0.917949
353,1,reddit_eli5,206,0.32651,0.75,1.382812,1.84375,0.751592,1.387269,1.845775,0.753971,1.387372,1.840088,0.773229,1.53305,1.982661,4.004314,0.945833
354,1,reddit_eli5,130,0.47977,0.876761,1.945312,2.21875,0.879248,1.951001,2.218943,0.885941,1.951193,2.202397,0.92779,2.048217,2.207631,7.037079,0.895425
355,1,reddit_eli5,272,0.37011,0.934524,1.226562,1.3125,0.945809,1.232859,1.303497,0.944474,1.232939,1.305424,0.974398,1.407912,1.444905,3.431298,0.951009
356,1,reddit_eli5,206,0.87306,1.073529,1.140625,1.0625,1.070592,1.132313,1.057651,1.086247,1.132449,1.042533,0.992788,1.165884,1.174354,3.103246,0.947368
357,1,reddit_eli5,167,0.25013,0.95302,1.109375,1.164062,0.957119,1.105222,1.154739,0.97167,1.105287,1.137512,0.994297,1.384593,1.392535,3.020092,0.935484
358,1,reddit_eli5,164,0.24905,0.893617,1.640625,1.835938,0.895969,1.640675,1.831173,0.899331,1.640803,1.824471,0.903037,2.010193,2.226037,5.159311,0.88587
359,1,reddit_eli5,144,0.61856,0.815789,1.210938,1.484375,0.814726,1.206158,1.480445,0.823831,1.206281,1.464234,0.860639,1.362145,1.582714,3.341037,0.954023
360,1,reddit_eli5,326,0.37619,0.875,1.476562,1.6875,0.869439,1.47024,1.691021,0.872027,1.470375,1.686158,0.92705,1.680114,1.812324,4.350868,0.914358
361,1,reddit_eli5,225,0.47852,0.871901,1.648438,1.890625,0.879841,1.652518,1.8782,0.887328,1.652663,1.862517,0.934131,2.041928,2.185911,5.220864,0.935743
362,1,reddit_eli5,168,0.24499,0.822967,1.34375,1.632812,0.826409,1.34741,1.63044,0.829613,1.347541,1.624301,0.8867,1.672867,1.886621,3.847952,0.938462
363,1,reddit_eli5,126,0.37863,0.876033,1.65625,1.890625,0.872064,1.655802,1.898715,0.875143,1.65592,1.89217,0.907121,1.939894,2.138518,5.237898,0.90411
364,1,reddit_eli5,175,0.19004,0.890845,1.976562,2.21875,0.894839,1.975675,2.207856,0.899495,1.975837,2.196608,0.83878,2.196083,2.618186,7.212656,0.87234
365,1,reddit_eli5,121,0.41921,0.737342,1.820312,2.46875,0.743844,1.820101,2.446887,0.748638,1.820276,2.431451,0.798735,2.192727,2.745249,6.173565,0.875862
366,1,reddit_eli5,226,0.37598,0.915179,1.601562,1.75,0.908266,1.60241,1.764251,0.916132,1.602529,1.749234,0.856138,1.86137,2.174146,4.965577,0.922481
367,1,reddit_eli5,146,0.20226,0.864629,1.546875,1.789062,0.866694,1.540637,1.777601,0.875322,1.540763,1.760224,0.871266,1.93834,2.224739,4.668152,0.906832
368,1,reddit_eli5,189,0.34836,0.810484,1.570312,1.9375,0.81683,1.569245,1.921141,0.822399,1.569377,1.908291,0.897165,1.919761,2.13981,4.803654,0.933333
369,1,reddit_eli5,220,0.3371,0.827434,1.460938,1.765625,0.834391,1.461522,1.751603,0.838883,1.461645,1.742371,0.842906,1.652041,1.959935,4.313047,0.9375
370,1,reddit_eli5,160,0.64323,0.844444,1.484375,1.757812,0.841331,1.481883,1.761356,0.849763,1.482038,1.74406,0.823963,1.719886,2.087333,4.401906,0.934066
371,1,reddit_eli5,272,0.48916,0.988235,1.3125,1.328125,0.99184,1.314821,1.325638,1.00122,1.314885,1.313283,0.892987,1.515643,1.697273,3.724325,0.951613
372,1,reddit_eli5,81,0.30517,0.727273,1.4375,1.976562,0.729998,1.434295,1.964793,0.739098,1.434434,1.940791,0.81819,1.707423,2.086829,4.197269,0.956522
373,1,reddit_eli5,144,0.23178,0.876106,1.546875,1.765625,0.876083,1.545507,1.764109,0.881031,1.54562,1.75433,0.884872,1.882285,2.127183,4.69088,0.930818
374,1,reddit_eli5,98,0.19786,0.827815,1.953125,2.359375,0.829109,1.957874,2.361419,0.835526,1.958055,2.3435,0.865567,2.361272,2.728006,7.085534,0.886957
375,1,reddit_eli5,115,0.09953,0.816667,1.914062,2.34375,0.81296,1.905786,2.344255,0.821339,1.905951,2.320541,0.860202,2.324045,2.701743,6.725802,0.865672
376,1,reddit_eli5,224,0.23975,0.844444,1.484375,1.757812,0.853341,1.495188,1.752158,0.857745,1.495309,1.743304,0.901323,1.896302,2.103909,4.460716,0.931559
377,1,reddit_eli5,177,0.36819,0.901235,1.710938,1.898438,0.901914,1.701296,1.886317,0.908177,1.701404,1.873427,0.85543,1.955243,2.285686,5.481636,0.92268
378,1,reddit_eli5,165,0.30121,0.781746,1.539062,1.96875,0.785746,1.542231,1.962762,0.785239,1.542365,1.964198,0.820558,1.839533,2.241809,4.675634,0.912568
379,1,reddit_eli5,114,0.19218,0.933921,1.65625,1.773438,0.934973,1.647975,1.762592,0.936901,1.648072,1.759067,0.916769,1.921471,2.095917,5.196948,0.915385
380,1,reddit_eli5,280,0.33511,0.976048,1.273438,1.304688,0.987217,1.277458,1.293999,0.995869,1.277545,1.282844,0.944871,1.521466,1.610237,3.58782,0.935294
381,1,reddit_eli5,188,0.22467,0.735294,1.171875,1.59375,0.741515,1.171912,1.58043,0.745904,1.172008,1.571259,0.840484,1.403538,1.669915,3.228469,0.967742
382,1,reddit_eli5,203,0.42112,0.96319,1.226562,1.273438,0.960517,1.221207,1.271406,0.972577,1.22127,1.255704,0.845107,1.346192,1.592926,3.391491,0.955947
383,1,reddit_eli5,221,0.39043,0.850829,1.203125,1.414062,0.85305,1.20252,1.409671,0.852666,1.202588,1.410386,0.983592,1.46244,1.486835,3.328722,0.951311
384,1,reddit_eli5,250,0.41819,0.814103,0.992188,1.21875,0.811153,0.987263,1.217111,0.814921,0.987341,1.21158,0.80841,1.215163,1.503151,2.684089,0.958478
385,1,reddit_eli5,204,0.18013,0.872549,1.390625,1.59375,0.878234,1.394403,1.587736,0.883199,1.394495,1.578913,0.864655,1.732137,2.003269,4.032936,0.927966
386,1,reddit_eli5,104,0.34077,0.772059,1.640625,2.125,0.777486,1.643637,2.114039,0.784954,1.643786,2.094116,0.796361,2.08572,2.619064,5.174722,0.921739
387,1,reddit_eli5,135,0.54785,0.860544,1.976562,2.296875,0.863634,1.978178,2.290527,0.868134,1.978337,2.278837,0.828896,2.327568,2.808034,7.230705,0.9
388,1,reddit_eli5,181,0.37492,0.870466,1.3125,1.507812,0.874162,1.318054,1.507792,0.881068,1.318143,1.496073,0.996357,1.709284,1.715533,3.736476,0.966667
389,1,reddit_eli5,162,0.36257,0.791855,1.367188,1.726562,0.788959,1.365129,1.730291,0.796215,1.365229,1.714648,0.854857,1.81754,2.126134,3.916621,0.940217
390,1,reddit_eli5,177,0.25705,0.913265,1.398438,1.53125,0.918179,1.395273,1.519609,0.925386,1.395415,1.507928,0.983176,1.877098,1.909219,4.036649,0.928889
391,1,reddit_eli5,256,0.31454,0.875,1.695312,1.9375,0.884753,1.700432,1.921928,0.887486,1.700568,1.916163,0.868362,1.873765,2.157816,5.477059,0.90429
392,1,wiki_csai,198,0.26801,0.786713,0.878906,1.117188,0.795892,0.879229,1.104709,0.805141,0.879295,1.092101,0.836662,1.088786,1.301346,2.409201,0.959821
393,1,wiki_csai,272,0.22948,0.857143,1.171875,1.367188,0.86551,1.180497,1.363932,0.870506,1.180587,1.356207,0.92821,1.315453,1.417194,3.256285,0.954683
394,1,wiki_csai,238,0.37572,0.722467,1.28125,1.773438,0.723005,1.276578,1.765656,0.726946,1.276714,1.756272,0.984322,1.606806,1.632398,3.58484,0.946619
395,1,wiki_csai,158,0.30128,0.845411,1.367188,1.617188,0.840815,1.359507,1.616892,0.84914,1.359587,1.601134,0.965803,1.586804,1.64299,3.894584,0.94186
396,1,wiki_csai,216,0.30422,0.931818,1.601562,1.71875,0.931076,1.598446,1.716773,0.936488,1.598569,1.706983,0.907527,1.77458,1.955401,4.945949,0.919028
397,1,wiki_csai,94,0.39634,0.792,1.546875,1.953125,0.796421,1.546104,1.941314,0.803975,1.5462,1.923194,0.831749,1.694601,2.037394,4.693601,0.920354
398,1,wiki_csai,207,0.19444,0.852941,1.132812,1.328125,0.854892,1.131104,1.323096,0.856849,1.131208,1.320194,0.911647,1.462198,1.603909,3.099398,0.96875
399,1,wiki_csai,234,0.27643,0.83,1.296875,1.5625,0.831372,1.295184,1.557887,0.838537,1.29528,1.54469,0.858168,1.60734,1.872989,3.65202,0.945312
400,1,wiki_csai,185,0.27037,0.865031,1.101562,1.273438,0.866907,1.103685,1.273131,0.874437,1.103787,1.262283,0.878492,1.196499,1.361992,3.015563,0.973684
401,1,wiki_csai,186,0.5983,0.808411,1.351562,1.671875,0.815271,1.356647,1.664044,0.822559,1.356778,1.64946,0.816427,1.526617,1.869876,3.883658,0.941704
402,1,wiki_csai,154,0.3339,0.824645,1.359375,1.648438,0.829037,1.356043,1.635685,0.829987,1.356139,1.633929,0.868044,1.591738,1.833708,3.88118,0.940476
403,1,wiki_csai,195,0.24997,0.712919,1.164062,1.632812,0.71554,1.164694,1.627714,0.720229,1.164799,1.617263,0.863559,1.396434,1.617068,3.20528,0.970954
404,1,wiki_csai,221,0.37354,0.751701,1.726562,2.296875,0.755554,1.741769,2.305288,0.757805,1.742002,2.298746,0.82804,2.011376,2.429082,5.70876,0.909774
405,1,wiki_csai,190,0.2757,0.811111,1.140625,1.40625,0.811558,1.14327,1.408734,0.816897,1.143344,1.399618,0.918004,1.444798,1.573847,3.13724,0.962264
406,1,wiki_csai,237,0.28726,0.839506,1.0625,1.265625,0.8401,1.065292,1.268053,0.843348,1.065353,1.263244,0.863345,1.431008,1.657515,2.901864,0.954373
407,1,wiki_csai,146,0.37176,0.808,1.578125,1.953125,0.806877,1.578453,1.956251,0.811424,1.578566,1.945428,0.903196,1.906003,2.110286,4.848,0.920904
408,1,wiki_csai,183,0.13217,0.813953,1.367188,1.679688,0.814915,1.367555,1.678157,0.821197,1.367659,1.665445,0.860416,1.644275,1.911023,3.926147,0.931707
409,1,wiki_csai,235,0.18451,0.82199,1.226562,1.492188,0.813973,1.218912,1.497484,0.82078,1.219001,1.485173,0.918761,1.485721,1.617092,3.383804,0.955056
410,1,wiki_csai,140,0.16351,0.729614,1.328125,1.820312,0.73631,1.337543,1.816548,0.743304,1.337645,1.799592,0.78192,1.526451,1.952183,3.810059,0.955128
411,1,wiki_csai,200,0.33257,0.815217,1.757812,2.15625,0.816648,1.751615,2.144883,0.819389,1.751802,2.137936,0.915821,1.878609,2.051284,5.764983,0.900415
412,1,wiki_csai,231,0.21026,0.82684,1.492188,1.804688,0.822802,1.487207,1.807491,0.826015,1.487344,1.800626,0.85356,1.607975,1.883846,4.425325,0.914591
413,1,wiki_csai,180,0.14402,0.987342,1.21875,1.234375,0.992797,1.222875,1.231747,0.997729,1.222933,1.225716,0.890225,1.421719,1.597034,3.397137,0.944444
414,1,wiki_csai,120,0.23717,0.66,1.03125,1.5625,0.664332,1.033106,1.555104,0.669633,1.03319,1.542921,0.737752,1.266841,1.717162,2.810016,0.97351
415,1,wiki_csai,175,0.33207,0.897849,1.304688,1.453125,0.900646,1.304329,1.448216,0.908173,1.304423,1.436315,0.875383,1.364756,1.559039,3.685561,0.938095
416,1,wiki_csai,204,0.38172,0.768,1.5,1.953125,0.769325,1.505349,1.956715,0.772884,1.505535,1.947944,0.885478,1.923848,2.172666,4.506565,0.930233
417,1,wiki_csai,177,0.39248,0.769565,1.382812,1.796875,0.76713,1.374246,1.791412,0.771715,1.374373,1.780932,0.884767,1.438155,1.625462,3.952596,0.920188
418,1,wiki_csai,191,0.21739,0.914286,1.25,1.367188,0.922962,1.254657,1.359381,0.929814,1.254735,1.349447,0.978988,1.487757,1.519689,3.50691,0.951542
419,1,wiki_csai,201,0.34296,0.881818,1.515625,1.71875,0.885307,1.516733,1.713229,0.889152,1.516827,1.705925,0.904669,1.774358,1.961335,4.557741,0.936975
420,1,wiki_csai,190,0.28157,0.917127,1.296875,1.414062,0.934041,1.304819,1.39696,0.940428,1.304906,1.387566,0.969365,1.579375,1.629288,3.687343,0.941964
421,1,wiki_csai,169,0.23683,0.847534,1.476562,1.742188,0.845417,1.481696,1.752621,0.850313,1.481795,1.742646,0.83756,1.711465,2.043394,4.400838,0.933333
422,1,wiki_csai,197,0.35249,0.89418,1.320312,1.476562,0.90402,1.322558,1.462974,0.912489,1.322638,1.449484,0.85937,1.506488,1.753014,3.753309,0.962264
423,1,wiki_csai,242,0.32611,0.858974,1.046875,1.21875,0.856455,1.042468,1.217189,0.862175,1.042539,1.209197,0.926092,1.333105,1.439495,2.836411,0.941748
424,1,wiki_csai,354,0.35539,0.780822,0.667969,0.855469,0.774277,0.665039,0.858916,0.77798,0.66508,0.854881,0.847723,0.854137,1.007566,1.944647,0.981352
425,1,wiki_csai,186,0.13322,0.896175,1.28125,1.429688,0.894242,1.276701,1.427691,0.895892,1.276768,1.425136,0.886887,1.473989,1.661981,3.585036,0.958525
426,1,wiki_csai,265,0.30934,1.019868,1.203125,1.179688,1.018968,1.205878,1.183432,1.021896,1.205948,1.180108,0.996038,1.37824,1.383722,3.339923,0.95114
427,1,wiki_csai,190,0.2052,0.804545,1.382812,1.71875,0.810471,1.385947,1.710052,0.810227,1.386047,1.710691,0.859212,1.571977,1.829557,3.999012,0.963303
428,1,wiki_csai,147,0.26399,0.760784,1.515625,1.992188,0.764643,1.514011,1.980023,0.76942,1.51415,1.967912,0.781176,1.673423,2.142184,4.545558,0.94382
429,1,wiki_csai,193,0.33346,0.902439,1.445312,1.601562,0.906219,1.450446,1.600547,0.912599,1.450545,1.589466,0.90457,1.703807,1.883554,4.26544,0.929515
430,1,wiki_csai,194,0.43373,0.868613,1.859375,2.140625,0.871655,1.86749,2.142465,0.875094,1.867677,2.134258,0.925703,2.431396,2.626541,6.47324,0.88412
431,1,wiki_csai,247,0.27282,0.8,1.375,1.71875,0.796994,1.368625,1.717234,0.801656,1.368748,1.7074,0.825027,1.64492,1.993777,3.930426,0.928826
432,1,wiki_csai,179,0.19369,0.866953,1.578125,1.820312,0.863877,1.574387,1.822467,0.867136,1.574532,1.815784,0.880605,1.768841,2.008666,4.828482,0.929245
433,1,wiki_csai,181,0.27948,0.814286,1.335938,1.640625,0.812773,1.333092,1.640177,0.818277,1.333199,1.629276,0.809169,1.567128,1.936714,3.793159,0.960199
434,1,wiki_csai,210,0.1543,0.873016,1.289062,1.476562,0.875371,1.293944,1.478167,0.881957,1.294031,1.467227,1.005283,1.598876,1.590473,3.64746,0.957627
435,1,wiki_csai,224,0.20748,0.894444,1.257812,1.40625,0.891379,1.256866,1.410024,0.898995,1.256945,1.398167,0.977564,1.410218,1.442584,3.514668,0.957854
436,1,wiki_csai,114,0.13702,0.759036,1.476562,1.945312,0.761612,1.47481,1.936431,0.767053,1.474913,1.922831,0.829679,1.462842,1.763142,4.370654,0.923077
437,1,wiki_csai,240,0.24238,0.930851,1.367188,1.46875,0.935471,1.363307,1.457348,0.940132,1.363389,1.450211,0.904989,1.595458,1.762959,3.909421,0.94382
438,1,wiki_csai,166,0.2192,0.849162,1.1875,1.398438,0.846784,1.183146,1.397224,0.857747,1.183215,1.379445,0.857269,1.467272,1.711565,3.264854,0.983784
439,1,wiki_csai,135,0.20313,0.738411,1.742188,2.359375,0.739911,1.740371,2.352137,0.742038,1.740558,2.345647,0.789666,1.979009,2.506133,5.700524,0.901235
440,1,wiki_csai,213,0.18679,0.760163,1.460938,1.921875,0.765153,1.456882,1.90404,0.76726,1.457041,1.899019,0.857978,1.67201,1.94878,4.293236,0.946721
441,1,wiki_csai,190,0.29436,0.966942,0.914062,0.945312,0.964558,0.915377,0.949012,0.977835,0.91544,0.936191,0.902944,1.136634,1.258809,2.497874,0.955102
